Fake ID,Year,City,Month,Day,Time,Week,Type Of Accident,Reasons,Street,Place,Area,Location,Lighting,Road Condition,Weather Condition,Road surface,Lay injured,Injured seat,Degree of injury,Age of the injured,The person's gender,Speed of the road,Number of tracks,Pedestrian behavior,Intersection,Total
897563,2021,Abu Dhabi,June,Saturday,At noon,the third week,Shock,Preoccupation with the road while driving the vehicle in any way,El-Shikh Zayed street,Residential area,There is no definition of regions,public road,day,Wicked (Bad),No Clouds,dry,driver,Driver,Simple,33,Male,120,4,There is no,Not at intersection,1
897566,2021,Ras Al Khaimah,January,Friday,At noon,The first week,Be shocked,Preoccupation with the road while driving the vehicle in any way,Jabal Jais Street,External road,Whisper,public road,day,Wicked (Bad),No Clouds,dry,driver,Driver,Simple,39,Male,40,1,There is no,Not on or by (20) meters of a,1
897569,2021,Abu Dhabi,July,Sunday,Before noon,The first week,Deterioration,Sudden deviation,An internal street,Others,My line,Other (select),day,Wicked (Bad),No Clouds,earthy,passenger,A passenger in the front seat,Simple,31,Male,20,0,There is no,Not at intersection,1
897571,2021,Abu Dhabi,January,Thursday,In the afternoon,second week,Deterioration,Sudden deviation,Abu Dhabi Road - Al Ain,External road,Treasury Bridge,Double road,Night - Enough lighting,Wicked (Bad),No Clouds,dry,driver,Driver,Simple,23,Male,160,3,There is no,Not on or by (20) meters of a,1
897572,2021,Ajman,January,Tuesday,Evening,The first week,Be shocked,Sudden deviation,Etihad Street,Commercial area,Naimia,Double road,Night - weak lighting,Wicked (Bad),No Clouds,dry,passenger,A passenger in the front seat,Simple,32,Male,40,0,There is no,Not on or by (20) meters of a,1
897583,2021,Abu Dhabi,Dec,Thursday,In the afternoon,the third week,Shock,Preoccupation with the road while driving the vehicle in any way,Al -Mafraq Al -Shawamik Street,Tunnel / Bridge,Al -Shamekha Bridge,Double road,Night - Enough lighting,Wicked (Bad),No Clouds,Temple,passenger,Rapid in the back seat,Simple,11,Female,80,3,There is no,Not on or by (20) meters of a,1
897586,2021,Abu Dhabi,June,Saturday,Evening,the third week,Shock,Preoccupation with the road while driving the vehicle in any way,Sheikh Maktoum Bin Rashid Street,Tunnel / Bridge,Sayeh Al -Sidair,Individual,Night - Enough lighting,Wicked (Bad),No Clouds,dry,passenger,Rapid in the back seat,Simple,26,Male,120,4,There is no,Not on or by (20) meters of a,1
897591,2021,Umm Al Quwain,May,Sunday,Before noon,The fifth week,Shock,Preoccupation with the road while driving the vehicle in any way,Kabir Street,Petrol station,Kabir area,Double road,Night - Enough lighting,Wicked (Bad),No Clouds,dry,driver,Driver,Simple,33,Female,120,3,There is no,Not on or by (20) meters of a,1
897592,2021,Sharjah,August,Sunday,At noon,the third week,Non -moving,Sudden deviation,University City Street,Petrol station,Shahba,Other (select),day,Wicked (Bad),No Clouds,dry,driver,Driver,Simple,20,Male,40,0,There is no,Not on or by (20) meters of a,1
897594,2021,Abu Dhabi,Dec,Sunday,At noon,the third week,Deterioration,Preoccupation with the road while driving the vehicle in any way,Abu Dhabi Road - Al Ain,Residential area,Mohammed bin Zayed City,Double road,day,Wicked (Bad),No Clouds,dry,driver,Driver,Simple,12,Male,40,2,There is no,Not on or by (20) meters of a,1
897603,2021,Ras Al Khaimah,March,Friday,At noon,fourth week,Be shocked,Preoccupation with the road while driving the vehicle in any way,Al -Ittihad Street near the National School,Residential area,Southern,Intersection,day,Other (select),No Clouds,dry,driver,Driver,Simple,48,Female,30,2,There is no,Not on or by (20) meters of a,1
897604,2021,Sharjah,August,Sunday,At noon,the third week,Non -moving,Sudden deviation,University City Street,Petrol station,Shahba,Other (select),day,Wicked (Bad),No Clouds,dry,driver,Driver,Simple,56,Male,40,0,There is no,Not on or by (20) meters of a,1
897605,2021,Sharjah,March,Saturday,At noon,fourth week,Cross -100,Sudden deviation,Al Dhaid Street Kadra,External road,Al -Dhaid / Marafi,Individual,day,Wicked (Bad),No Clouds,dry,driver,Driver,Simple,30,Male,60,1,There is no,Not on or by (20) meters of a,1
897607,2021,Sharjah,November,Friday,Before noon,second week,Be shocked,Preoccupation with the road while driving the vehicle in any way,Al -Maliha Street / Kalba towards Kalba,External road,Al -Maliha Street / Kalba,Double road,day,Wicked (Bad),No Clouds,dry,passenger,Rapid in the back seat,Simple,12,Male,120,3,There is no,Not at intersection,1
897608,2021,Abu Dhabi,October,Tuesday,In the afternoon,second week,A fixed body was shocked outside the road,Preoccupation with the road while driving the vehicle in any way,Abu Dhabi Road - Al Ain,Residential area,Mohammed bin Zayed City,Double road,Night - Enough lighting,Wicked (Bad),No Clouds,dry,passenger,Rapid in the back seat,Simple,28,Female,60,2,There is no,Not on or by (20) meters of a,1
897611,2021,Abu Dhabi,October,Tuesday,Before noon,The first week,Shock,Preoccupation with the road while driving the vehicle in any way,International airport roads,External road,Khalifa City (a),Double road,day,Wicked (Bad),No Clouds,dry,driver,Driver,Simple,54,Male,120,4,There is no,Not on or by (20) meters of a,1
897613,2021,Abu Dhabi,June,Thursday,Evening,second week,Shock,Preoccupation with the road while driving the vehicle in any way,Sweihan Road,Tunnel / Bridge,The farmer,public road,Night - Enough lighting,Wicked (Bad),No Clouds,dry,passenger,A passenger in the front seat,Simple,21,Male,140,4,There is no,Not on or by (20) meters of a,1
897614,2021,Abu Dhabi,January,Sunday,Evening,the third week,Run,Preoccupation with the road while driving the vehicle in any way,Abu Dhabi Road - Al Ain,Residential area,Bani Yas (East),Double road,Night - Enough lighting,Wicked (Bad),No Clouds,dry,pedestrian,There is no passenger,Simple,47,Male,80,3,He crosses pedestrian crossing lines,Not on or by (20) meters of a,1
897621,2021,Sharjah,May,Friday,Evening,second week,Deterioration,Sudden deviation,Khorfakkan Road,Tunnel / Bridge,Al -Saqq tunnel to the square tunnel,public road,Night - Enough lighting,Wicked (Bad),No Clouds,dry,driver,Driver,Simple,25,Male,100,2,There is no,Not on or by (20) meters of a,1
897632,2021,Fujairah,February,Monday,Evening,fourth week,Be shocked,Preoccupation with the road while driving the vehicle in any way,A profitable street -,External road,Village,Double road,Night - Enough lighting,Wicked (Bad),No Clouds,Temple,driver,Driver,Simple,53,Male,80,3,There is no,Not at intersection,1
897634,2021,Abu Dhabi,June,Wednesday,Evening,second week,Shock,Preoccupation with the road while driving the vehicle in any way,Armored road,Tunnel / Bridge,Industrial armored bridge,Individual,day,Wicked (Bad),No Clouds,dry,passenger,Rapid in the back seat,Simple,43,Male,100,3,There is no,Not on or by (20) meters of a,1
897635,2021,Abu Dhabi,May,Friday,In the afternoon,second week,Cross -100,Sudden deviation,Armored road,Industrial area,Industrial armored bridge,Dhuatatin Road,day,Wicked (Bad),No Clouds,Temple,driver,Driver,Simple,38,Male,40,2,There is no,Not on or by (20) meters of a,1
897636,2021,Abu Dhabi,June,Saturday,Evening,the third week,Shock,Preoccupation with the road while driving the vehicle in any way,Sheikh Maktoum Bin Rashid Street,Tunnel / Bridge,Sayeh Al -Sidair,Individual,Night - Enough lighting,Wicked (Bad),No Clouds,dry,passenger,Rapid in the back seat,Simple,49,Male,120,4,There is no,Not on or by (20) meters of a,1
897637,2021,Sharjah,May,Sunday,Before noon,fourth week,Shock,Sudden deviation,Sheikh Khalid bin Mohammed Al Qasimi Street,Commercial area,Sheikh Khaled Road,Double road,Night - Enough lighting,Wicked (Bad),No Clouds,dry,driver,Driver,Simple,31,Male,60,2,There is no,Not on or by (20) meters of a,1
897649,2021,Ras Al Khaimah,January,Friday,Evening,The first week,A fixed body shocked the road,Sudden deviation,Kadra area,Mountainous area,Disgust,public road,Night - Enough lighting,Wicked (Bad),No Clouds,dry,passenger,A passenger in the front seat,Simple,17,Male,120,2,There is no,Not on or by (20) meters of a,1
897650,2021,Abu Dhabi,August,Wednesday,Evening,the third week,Shock,Preoccupation with the road while driving the vehicle in any way,There is no definition,External road,Between the two bridges,public road,day,Wicked (Bad),No Clouds,dry,passenger,Rapid in the back seat,Simple,32,Male,80,3,There is no,Not at intersection,1
897652,2021,Abu Dhabi,June,Wednesday,Evening,fourth week,Shock,Preoccupation with the road while driving the vehicle in any way,Armored road,Industrial area,Industrial armored bridge,Double road,Night - Enough lighting,Wicked (Bad),No Clouds,Temple,driver,Driver,Simple,29,Male,80,2,There is no,Not on or by (20) meters of a,1
897653,2021,Sharjah,June,Saturday,Evening,The first week,A fixed body shocked the road,Sudden deviation,Omar bin al-Khattab Street,Commercial area,Butter,public road,Night - Enough lighting,Wicked (Bad),No Clouds,dry,driver,Driver,Simple,19,Male,60,2,There is no,Not on or by (20) meters of a,1
897657,2021,Fujairah,May,Thursday,Before noon,second week,A fixed body was shocked outside the road,Sudden deviation,A profitable street -,Residential area,Village,public road,day,Wicked (Bad),No Clouds,Temple,passenger,A passenger in the front seat,Simple,19,Male,120,3,There is no,Not on or by (20) meters of a,1
897660,2021,Umm Al Quwain,November,Thursday,Evening,the third week,Deterioration,Sudden deviation,Sheikh Mohammed bin Zayed Street (Umm Al Qain - Ras Al Khaimah),Petrol station,Navel,Double road,Night - Enough lighting,Wicked (Bad),No Clouds,dry,passenger,Rapid in the back seat,Simple,52,Male,120,3,There is no,Not on or by (20) meters of a,1
897665,2021,Abu Dhabi,February,Saturday,At noon,The first week,Shock,Preoccupation with the road while driving the vehicle in any way,Abu Dhabi Road - Al Ain,Tunnel / Bridge,Sas Al Nakhl Bridge,Double road,Night - Enough lighting,Wicked (Bad),No Clouds,Temple,driver,Bike,Medium,27,Male,120,4,There is no,Not on or by (20) meters of a,1
897666,2021,Abu Dhabi,September,Wednesday,Before noon,fourth week,Deterioration,Sudden deviation,Tarif road,External road,intimate,Dhuatatin Road,day,Wicked (Bad),No Clouds,Temple,driver,Driver,Medium,35,Male,100,2,There is no,Not at intersection,1
897674,2021,Abu Dhabi,Dec,Monday,At noon,second week,Shock,Sudden deviation,Sheikh Maktoum Bin Rashid Street,Tunnel / Bridge,The Bridge of Huma,Individual,day,Wicked (Bad),No Clouds,dry,driver,Driver,Medium,36,Male,140,4,There is no,Not on or by (20) meters of a,1
897677,2021,Abu Dhabi,January,Friday,Evening,second week,Be shocked,Sudden deviation,Tarif road,Governmental,Al Dhafra Air Force Base,Double road,Night - without lighting,Wicked (Bad),No Clouds,dry,driver,Driver,Medium,26,Male,80,2,There is no,Not on or by (20) meters of a,1
897681,2021,Abu Dhabi,May,Thursday,In the afternoon,fourth week,Run,Preoccupation with the road while driving the vehicle in any way,Abu Dhabi Road - Al Ain,Residential area,Bani Yas (East),Individual,Night - Enough lighting,Wicked (Bad),No Clouds,Temple,pedestrian,There is no passenger,Medium,66,Male,60,3,He crosses not on transit lines,Not at intersection,1
897688,2021,Abu Dhabi,April,Friday,Evening,fourth week,Run,Preoccupation with the road while driving the vehicle in any way,Sheikh Maktoum Bin Rashid Street,Agricultural area,magnanimity,Double road,Night - without lighting,Wicked (Bad),No Clouds,dry,pedestrian,There is no passenger,Medium,34,Male,40,2,There is no,Not on or by (20) meters of a,1
897693,2021,Ras Al Khaimah,May,Wednesday,Evening,second week,Be shocked,Preoccupation with the road while driving the vehicle in any way,Mohammed bin Salem Street,Residential area,Southern,Intersection,Night - without lighting,Wicked (Bad),No Clouds,Temple,driver,Bike,Medium,23,Male,60,1,There is no,Not on or by (20) meters of a,1
897698,2021,Abu Dhabi,November,Tuesday,In the afternoon,The first week,Shock,Preoccupation with the road while driving the vehicle in any way,Riyadh city,Residential area,There is no definition of regions,Intersection,Night - Enough lighting,Wicked (Bad),No Clouds,Temple,driver,Bike,Medium,27,Male,60,2,There is no,Multi -legs intersection,1
897699,2021,Abu Dhabi,June,Wednesday,At noon,The first week,Consecutive,Preoccupation with the road while driving the vehicle in any way,Truck Street,Tunnel / Bridge,Bare,Double road,day,Wicked (Bad),No Clouds,dry,passenger,A passenger in the front seat,Medium,23,Male,120,3,There is no,Not at intersection,1
897700,2021,Abu Dhabi,February,Wednesday,Before noon,second week,Shock,Preoccupation with the road while driving the vehicle in any way,Truck Road (Abu Dhabi-Al Ain),Tunnel / Bridge,There is no definition of regions,Double road,day,Wicked (Bad),No Clouds,dry,passenger,A passenger in the front seat,Medium,25,Male,80,2,There is no,Not on or by (20) meters of a,1
897704,2021,Abu Dhabi,November,Monday,Evening,The fifth week,Run,Preoccupation with the road while driving the vehicle in any way,Toward,Residential area,Tall,Individual,Night - Enough lighting,Wicked (Bad),No Clouds,dry,pedestrian,There is no passenger,Medium,59,Male,60,1,He crosses not on transit lines,Vertical cross intersection,1
897706,2021,Sharjah,September,Tuesday,Before noon,fourth week,Shock,Preoccupation with the road while driving the vehicle in any way,Al -Zahra Street,Mosque,Umm Al -Tarafa,Double road,day,Wicked (Bad),No Clouds,dry,driver,Bike,Medium,44,Male,60,3,It crosses the crossing lines,Not on or by (20) meters of a,1
897708,2021,Abu Dhabi,October,Wednesday,Before noon,second week,Shock,Preoccupation with the road while driving the vehicle in any way,Arabian Gulf Street(Thirty),Governmental,There is no definition of regions,public road,day,crowded,No Clouds,dry,driver,Driver,Medium,35,Male,120,4,There is no,Not at intersection,1
897709,2021,Sharjah,July,Saturday,In the afternoon,fourth week,Run,Preoccupation with the road while driving the vehicle in any way,King Abdulaziz Street,Mosque,Bushra,Individual,Night - Enough lighting,Wicked (Bad),No Clouds,dry,pedestrian,There is no passenger,Medium,34,Female,40,1,There is no,Not on or by (20) meters of a,1
897710,2021,Abu Dhabi,November,Thursday,Evening,fourth week,Shock,Preoccupation with the road while driving the vehicle in any way,Hazaa Bin Zayed the First Street(Eleven),Commercial area,Palace,public road,Night - Enough lighting,Wicked (Bad),No Clouds,dry,driver,Bike,Medium,33,Male,80,2,There is no,Not at intersection,1
897713,2021,Ras Al Khaimah,September,Thursday,Before noon,The first week,Shock,Sudden deviation,Emirates Street Transit Street,Sandy area,Stagnation,public road,day,Wicked (Bad),No Clouds,Temple,driver,Driver,Medium,43,Female,120,4,There is no,Not on or by (20) meters of a,1
897715,2021,Abu Dhabi,October,Tuesday,Before noon,The first week,Shock,Preoccupation with the road while driving the vehicle in any way,International airport roads,External road,Khalifa City (a),Double road,day,Wicked (Bad),No Clouds,dry,passenger,A passenger in the front seat,Medium,45,Female,120,4,There is no,Not on or by (20) meters of a,1
897719,2021,Abu Dhabi,March,Saturday,Before noon,the third week,Be shocked,Preoccupation with the road while driving the vehicle in any way,Old Truck Street,External road,There is no definition of regions,Double road,day,Wicked (Bad),No Clouds,dry,driver,Driver,Medium,28,Male,100,2,There is no,Not at intersection,1
897720,2021,Abu Dhabi,March,Sunday,In the afternoon,fourth week,Run,Preoccupation with the road while driving the vehicle in any way,Inner Street No. (Three),Governmental,There is no definition of regions,Double road,Night - without lighting,Wicked (Bad),No Clouds,dry,pedestrian,There is no passenger,Medium,44,Male,60,2,He crosses not on transit lines,Not on or by (20) meters of a,1
897722,2021,Abu Dhabi,October,Thursday,Evening,the third week,Shock,Sudden deviation,Sheikh Maktoum Bin Rashid Street,External road,There is no definition of regions,Double road,Night - Enough lighting,Wicked (Bad),No Clouds,dry,passenger,A passenger in the front seat,Medium,46,Male,140,4,There is no,Not on or by (20) meters of a,1
897725,2021,Ras Al Khaimah,July,Wednesday,Before noon,The first week,Run,Preoccupation with the road while driving the vehicle in any way,Al -Jazza Street,Commercial area,Palm,public road,day,Wicked (Bad),No Clouds,Temple,pedestrian,There is no passenger,Medium,48,Male,60,2,He crosses pedestrian crossing lines,Not at intersection,1
897732,2021,Sharjah,September,Sunday,Evening,the third week,Consecutive,Preoccupation with the road while driving the vehicle in any way,Emirates Street,External road,Buda’i,Double road,Night - Enough lighting,Wicked (Bad),No Clouds,dry,passenger,A passenger in the front seat,Medium,38,Male,120,3,There is no,Not on or by (20) meters of a,1
897733,2021,Sharjah,October,Saturday,Before noon,The fifth week,Deterioration,Sudden deviation,Hamriyah,Residential area,Hamriyah,Individual,Night - without lighting,Wicked (Bad),No Clouds,Sand,passenger,Rapid in the back seat,Medium,17,Male,10,1,There is no,Not on or by (20) meters of a,1
897737,2021,Abu Dhabi,June,Thursday,Evening,second week,Shock,Preoccupation with the road while driving the vehicle in any way,Sweihan Road,Tunnel / Bridge,The farmer,public road,Night - Enough lighting,Wicked (Bad),No Clouds,dry,driver,Driver,Medium,41,Male,140,4,There is no,Not on or by (20) meters of a,1
897741,2021,Sharjah,February,Monday,At noon,second week,Deterioration,Sudden deviation,Hamriyah,Commercial area,Hamriyah,vertigo,day,Wicked (Bad),No Clouds,dry,driver,Driver,Medium,22,Male,20,2,There is no,vertigo,1
897743,2021,Sharjah,March,Tuesday,Before noon,fourth week,A fixed body was shocked outside the road,Preoccupation with the road while driving the vehicle in any way,Kalba Sharjah Street,Mountainous area,Sweet Valley,public road,day,Wicked (Bad),No Clouds,dry,driver,Driver,Medium,40,Female,100,3,There is no,Others,1
897749,2021,Abu Dhabi,August,Monday,In the afternoon,The first week,Be shocked,Preoccupation with the road while driving the vehicle in any way,El-Shikh Zayed street,Residential area,There is no definition of regions,public road,Night - Enough lighting,Wicked (Bad),No Clouds,dry,driver,Bike,Medium,22,Male,80,5,There is no,Not at intersection,1
897752,2021,Abu Dhabi,July,Friday,In the afternoon,the third week,Shock,Preoccupation with the road while driving the vehicle in any way,Sweihan Road,External road,Sweihan,public road,day,Wicked (Bad),No Clouds,dry,driver,Driver,Medium,57,Male,140,2,There is no,Not at intersection,1
897756,2021,Abu Dhabi,October,Sunday,In the afternoon,The fifth week,Shock,Preoccupation with the road while driving the vehicle in any way,Sweihan Road,Tunnel / Bridge,The farmer,Double road,Night - Enough lighting,Wicked (Bad),No Clouds,dry,driver,Driver,Medium,29,Male,140,4,There is no,Not on or by (20) meters of a,1
897763,2021,Abu Dhabi,November,Thursday,Evening,The first week,Shock,Preoccupation with the road while driving the vehicle in any way,Omar bin Abdul Aziz Street,Residential area,Merkhania,public road,Night - Enough lighting,Wicked (Bad),No Clouds,dry,driver,Bike,Medium,26,Male,80,2,There is no,Not at intersection,1
897769,2021,Ras Al Khaimah,February,Thursday,Before noon,The first week,Deterioration,Sudden deviation,Emirates Street Transit Street,Governmental,Stagnation,Individual,day,Wicked (Bad),No Clouds,Temple,driver,Driver,Medium,49,Male,60,1,There is no,Not on or by (20) meters of a,1
897770,2021,Abu Dhabi,January,Sunday,Evening,the third week,Shock,Preoccupation with the road while driving the vehicle in any way,Yas Street One,Commercial area,Yass Island,Double road,Night - Enough lighting,Wicked (Bad),No Clouds,dry,driver,Bike,Medium,28,Male,140,5,There is no,Not on or by (20) meters of a,1
897781,2021,Sharjah,February,Tuesday,Before noon,second week,Deterioration,Sudden deviation,Khorfakkan Road,External road,Sharjah / Al Dhaid,Double road,day,Wicked (Bad),fog,dry,passenger,Rapid in the back seat,Medium,46,Male,120,2,There is no,Not on or by (20) meters of a,1
897789,2021,Abu Dhabi,October,Thursday,In the afternoon,fourth week,Shock,Preoccupation with the road while driving the vehicle in any way,International airport roads,Residential area,Khalifa City (a),Individual,day,Wicked (Bad),No Clouds,dry,driver,Bike,Medium,24,Male,80,2,There is no,Not on or by (20) meters of a,1
897794,2021,Abu Dhabi,June,Monday,Evening,the third week,Run,Preoccupation with the road while driving the vehicle in any way,Armored road,Commercial area,Industrial armored bridge,Individual,Night - Enough lighting,Wicked (Bad),No Clouds,dry,pedestrian,There is no passenger,Medium,55,Male,40,2,He crosses not on transit lines,A meeting of half -vertical roads,1
897799,2021,Abu Dhabi,October,Thursday,In the afternoon,second week,Shock,Preoccupation with the road while driving the vehicle in any way,Sweihan Road,Agricultural area,Closing,Double road,Night - Enough lighting,Wicked (Bad),No Clouds,dry,driver,Driver,Medium,25,Male,120,2,There is no,Not on or by (20) meters of a,1
897800,2021,Fujairah,May,Monday,Before noon,The fifth week,Be shocked,Sudden deviation,Al Mina Street,Commercial area,The port area,public road,day,Wicked (Bad),No Clouds,Temple,driver,Driver,Medium,50,Male,80,2,It crosses the crossing lines,Not on or by (20) meters of a,1
897802,2021,Umm Al Quwain,June,Sunday,Before noon,fourth week,Deterioration,Preoccupation with the road while driving the vehicle in any way,Emirates Street,Others,Polite area,Double road,Night - Enough lighting,Wicked (Bad),No Clouds,dry,driver,Driver,Medium,23,Male,120,2,There is no,Not on or by (20) meters of a,1
897807,2021,Abu Dhabi,June,Wednesday,At noon,The first week,Consecutive,Preoccupation with the road while driving the vehicle in any way,Truck Street,Tunnel / Bridge,Bare,Double road,day,Wicked (Bad),No Clouds,dry,driver,Driver,Medium,29,Male,120,3,There is no,Not at intersection,1
897808,2021,Fujairah,July,Wednesday,Evening,the third week,Shock,Sudden deviation,Al -Gob Street,Agricultural area,Dibba Al -Fujairah / Wadi Sana,Individual,Night - without lighting,Wicked (Bad),No Clouds,Temple,driver,Driver,Medium,41,Male,40,2,There is no,Not on or by (20) meters of a,1
897810,2021,Sharjah,April,Tuesday,Before noon,second week,Deterioration,Sudden deviation,Khorfakkan Road,External road,The forum tunnel to the square tunnel,Bridge / tunnel,day,Wicked (Bad),No Clouds,dry,driver,Driver,Medium,20,Male,100,2,There is no,Not on or by (20) meters of a,1
897817,2021,Abu Dhabi,June,Tuesday,Evening,The fifth week,Shock,Preoccupation with the road while driving the vehicle in any way,Hilton Roundabout (East - Western),Tunnel / Bridge,Sage,Double road,Night - Enough lighting,Wicked (Bad),No Clouds,dry,driver,Bike,Medium,30,Male,80,3,There is no,Not at intersection,1
897820,2021,Ajman,October,Saturday,Before noon,The first week,Run,Sudden deviation,El-Shikh Zayed street,External road,Halio,Individual,day,Wicked (Bad),No Clouds,dry,pedestrian,There is no passenger,Medium,55,Female,60,0,He crosses not on transit lines,Not on or by (20) meters of a,1
897821,2021,Ras Al Khaimah,May,Wednesday,At noon,fourth week,A fixed body was shocked outside the road,Preoccupation with the road while driving the vehicle in any way,Khuzam Street,Residential area,Lap,public road,day,Wicked (Bad),No Clouds,Temple,passenger,Rapid in the back seat,Medium,31,Female,80,2,There is no,Hole,1
897822,2021,Ras Al Khaimah,February,Wednesday,Evening,the third week,Be shocked,Preoccupation with the road while driving the vehicle in any way,The intersection of Al -Montaser Al -Manar,Commercial area,Palm,public road,Night - Enough lighting,Wicked (Bad),No Clouds,Temple,driver,Bike,Medium,22,Male,80,3,There is no,Not on or by (20) meters of a,1
897824,2021,Ras Al Khaimah,August,Friday,Evening,The first week,A fixed body shocked the road,Sudden deviation,Ceramic Street from Ceramic Circle to Exit One hundred and nineteen,Others,The Red Island,public road,Night - Enough lighting,Wicked (Bad),No Clouds,Temple,passenger,Rapid in the back seat,Medium,17,Male,80,2,There is no,Not at intersection,1
897825,2021,Abu Dhabi,November,Friday,At noon,fourth week,Shock,Preoccupation with the road while driving the vehicle in any way,Reem Island,Commercial area,Reem Island,public road,day,Wicked (Bad),No Clouds,dry,driver,Bike,Medium,22,Male,80,4,There is no,Vertical cross intersection,1
897828,2021,Abu Dhabi,October,Monday,Before noon,the third week,Be shocked,Preoccupation with the road while driving the vehicle in any way,Justice,External road,Sweihan,Double road,day,Wicked (Bad),No Clouds,dry,driver,Driver,Medium,34,Male,80,2,There is no,Not on or by (20) meters of a,1
897829,2021,Abu Dhabi,October,Monday,At noon,The first week,Shock,Preoccupation with the road while driving the vehicle in any way,Al -Mafraq Al -Shawamik Street,Residential area,Mafraq Bridge,Individual,day,Wicked (Bad),No Clouds,dry,driver,Bike,Medium,23,Male,60,2,There is no,Not on or by (20) meters of a,1
897831,2021,Abu Dhabi,Dec,Tuesday,Before noon,fourth week,Deterioration,Preoccupation with the road while driving the vehicle in any way,Abu Dhabi Road - Al Ain,Commercial area,Bani Yas (East),Individual,day,Wicked (Bad),No Clouds,dry,driver,Bike,Medium,31,Male,40,1,There is no,Not on or by (20) meters of a,1
897833,2021,Abu Dhabi,October,Thursday,In the afternoon,fourth week,Run,Preoccupation with the road while driving the vehicle in any way,There is no definition,Commercial area,Industrial Archbishop,Individual,Night - Enough lighting,Wicked (Bad),No Clouds,dry,pedestrian,There is no passenger,Medium,41,Male,80,2,He crosses not on transit lines,Not on or by (20) meters of a,1
897834,2021,Abu Dhabi,February,Monday,Before noon,The first week,Deterioration,Sudden deviation,An internal street,Commercial area,Healer,public road,day,Wicked (Bad),No Clouds,dry,driver,Driver,Medium,33,Male,80,3,There is no,vertigo,1
897836,2021,Abu Dhabi,August,Sunday,Evening,the third week,Deterioration,Preoccupation with the road while driving the vehicle in any way,International airport roads,External road,Khalifa City (a),public road,Night - Enough lighting,Wicked (Bad),No Clouds,dry,driver,Bike,Medium,23,Male,120,4,There is no,Not on or by (20) meters of a,1
897842,2021,Abu Dhabi,February,Sunday,Before noon,second week,Deterioration,Sudden deviation,Civil Street - Sweihan,External road,Satellite,Double road,day,Wicked (Bad),No Clouds,dry,driver,Driver,Medium,19,Male,140,2,There is no,Not at intersection,1
897845,2021,Abu Dhabi,Dec,Thursday,Before noon,fourth week,A fixed body shocked the road,Preoccupation with the road while driving the vehicle in any way,International airport roads,Residential area,Khalifa City (a),public road,day,Wicked (Bad),No Clouds,dry,driver,Driver,Medium,30,Male,60,2,There is no,Not on or by (20) meters of a,1
897846,2021,Abu Dhabi,September,Sunday,Before noon,The first week,A fixed body shocked the road,Preoccupation with the road while driving the vehicle in any way,Abu Dhabi Road - Al Ain,Tunnel / Bridge,Sealing bridge,Individual,day,Wicked (Bad),No Clouds,dry,driver,Driver,Medium,37,Male,160,3,There is no,Not on or by (20) meters of a,1