Fake ID,Year,City,Month,Day,Time,Week,Type Of Accident,Reasons,Street,Place,Area,Location,Lighting,Road Condition,Weather Condition,Road surface,Lay injured,Injured seat,Degree of injury,Age of the injured,The person's gender,Speed of the road,Number of tracks,Pedestrian behavior,Intersection,Total
898348,2021,Fujairah,September,Saturday,In the afternoon,the third week,Be shocked,Sudden deviation,Sheikh Khalifa bin Zayed Street - Al -Farfar,Mountainous area,Alfrafar area,public road,Night - Enough lighting,Wicked (Bad),No Clouds,Temple,driver,Driver,Simple,35,Male,140,3,There is no,Not on or by (20) meters of a,1
898349,2021,Ras Al Khaimah,February,Wednesday,At noon,the third week,Run,Preoccupation with the road while driving the vehicle in any way,Al -Tawyin roundabout,Governmental,Inconsistent,vertigo,day,Wicked (Bad),No Clouds,Temple,pedestrian,There is no passenger,Simple,39,Male,40,2,There is no,vertigo,1
898352,2021,Abu Dhabi,October,Saturday,Before noon,The first week,Deterioration,Preoccupation with the road while driving the vehicle in any way,The shampoo,Tunnel / Bridge,There is no definition of regions,Individual,day,Wicked (Bad),fog,Temple,driver,Driver,Simple,18,Male,80,1,There is no,Not on or by (20) meters of a,1
898353,2021,Abu Dhabi,Dec,Sunday,Before noon,The first week,Shock,Preoccupation with the road while driving the vehicle in any way,Sultan Bin Zayed the First Street (Thirty Two),Residential area,There is no definition of regions,public road,day,Wicked (Bad),No Clouds,dry,passenger,Rapid in the back seat,Simple,29,Male,80,4,There is no,Not at intersection,1
898358,2021,Sharjah,February,Thursday,Before noon,fourth week,Shock,Preoccupation with the road while driving the vehicle in any way,Hospital roundabout,hospital,Yarmouk,public road,day,Wicked (Bad),No Clouds,dry,driver,Driver,Simple,30,Male,80,2,There is no,vertigo,1
898359,2021,Abu Dhabi,September,Monday,At noon,fourth week,Cross -100,Preoccupation with the road while driving the vehicle in any way,Al Ain Street - Al -Wajan - Al -Qaa,External road,Custody,Double road,day,Wicked (Bad),No Clouds,dry,passenger,A passenger in the front seat,Simple,36,Male,120,2,There is no,Not at intersection,1
898361,2021,Ajman,November,Friday,Evening,The first week,Deterioration,Sudden deviation,El-Shikh Zayed street,garden,Jasmine,Double road,Night - Enough lighting,Wicked (Bad),No Clouds,dry,driver,Driver,Simple,40,Male,80,0,There is no,Not on or by (20) meters of a,1
898363,2021,Sharjah,August,Friday,Evening,the third week,Deterioration,Sudden deviation,Hamriyah,Residential area,Hamriyah,Individual,day,Wicked (Bad),No Clouds,Sand,passenger,Rapid in the back seat,Simple,35,Male,40,1,There is no,Others,1
898364,2021,Sharjah,October,Saturday,Before noon,The fifth week,Deterioration,Sudden deviation,Hamriyah,Residential area,Hamriyah,Individual,Night - without lighting,Wicked (Bad),No Clouds,Sand,passenger,Rapid in the back seat,Simple,17,Male,10,1,There is no,Not on or by (20) meters of a,1
898365,2021,Abu Dhabi,Dec,Sunday,Evening,The first week,Be shocked,Sudden deviation,International airport roads,External road,There is no definition of regions,Double road,Night - Enough lighting,Wicked (Bad),No Clouds,dry,passenger,A passenger in the front seat,Simple,27,Female,120,3,There is no,A meeting of half -vertical roads,1
898367,2021,Fujairah,May,Friday,Evening,the third week,Be shocked,Preoccupation with the road while driving the vehicle in any way,A profitable street -,Residential area,Al -Jaradiya area,Double road,Night - Enough lighting,Wicked (Bad),No Clouds,Temple,driver,Bike,Simple,34,Male,80,4,There is no,Not on or by (20) meters of a,1
898370,2021,Abu Dhabi,October,Saturday,Before noon,the third week,A fixed body shocked the road,Preoccupation with the road while driving the vehicle in any way,Al -Mafraq Al -Shawamik Street,Residential area,Tall,vertigo,day,Wicked (Bad),No Clouds,Temple,driver,Driver,Simple,32,Female,60,3,There is no,Not at intersection,1
898378,2021,Abu Dhabi,October,Saturday,Before noon,The first week,Deterioration,Preoccupation with the road while driving the vehicle in any way,The shampoo,Tunnel / Bridge,There is no definition of regions,Individual,day,Wicked (Bad),fog,Temple,passenger,Rapid in the back seat,Simple,16,Male,80,1,There is no,Not on or by (20) meters of a,1
898380,2021,Abu Dhabi,February,Thursday,Evening,The first week,Shock,Preoccupation with the road while driving the vehicle in any way,Sheikh Mohammed bin Rashid Al Maktoum Street,Petrol station,Gentott,public road,Night - Enough lighting,Wicked (Bad),fog,dry,driver,Driver,Simple,34,Male,80,4,There is no,Not on or by (20) meters of a,1
898384,2021,Sharjah,April,Saturday,Before noon,second week,Be shocked,Sudden deviation,corneche Street,garden,Alive,public road,day,Wicked (Bad),No Clouds,dry,driver,Driver,Simple,48,Male,60,2,There is no,Not on or by (20) meters of a,1
898394,2021,Fujairah,July,Thursday,Before noon,the third week,Be shocked,Sudden deviation,An internal street,Mountainous area,Ceiji area,Dhuatatin Road,day,curve,No Clouds,Temple,driver,Driver,Simple,25,Male,60,2,There is no,Not on or by (20) meters of a,1
898395,2021,Abu Dhabi,August,Wednesday,Evening,the third week,Shock,Preoccupation with the road while driving the vehicle in any way,There is no definition,External road,Between the two bridges,public road,day,Wicked (Bad),No Clouds,dry,passenger,Rapid in the back seat,Simple,24,Male,80,3,There is no,Not at intersection,1
898400,2021,Sharjah,October,Monday,Evening,second week,Be shocked,Sudden deviation,Sheikh Mohammed bin Zayed Street,Residential area,The red patch,Double road,Night - Enough lighting,Wicked (Bad),No Clouds,dry,driver,Driver,Simple,44,Male,120,3,There is no,Not on or by (20) meters of a,1
898405,2021,Abu Dhabi,October,Monday,Evening,fourth week,Run,Preoccupation with the road while driving the vehicle in any way,There is no definition,Commercial area,Industrial Archbishop,Dhuatatin Road,Night - Enough lighting,Wicked (Bad),No Clouds,dry,pedestrian,There is no passenger,Simple,39,Male,60,1,Familiar,Not on or by (20) meters of a,1
898409,2021,Sharjah,October,Monday,Evening,second week,Be shocked,Sudden deviation,Sheikh Mohammed bin Zayed Street,Residential area,The red patch,Double road,Night - Enough lighting,Wicked (Bad),No Clouds,dry,passenger,A passenger in the front seat,Simple,32,Male,120,3,There is no,Not on or by (20) meters of a,1
898411,2021,Abu Dhabi,June,Saturday,Before noon,The first week,Be shocked,Sudden deviation,Hawi bridge,Residential area,The city of Shakhbout,Individual,Night - Enough lighting,Wicked (Bad),No Clouds,dry,passenger,A passenger in the front seat,Simple,27,Female,60,3,There is no,Not on or by (20) meters of a,1
898412,2021,Abu Dhabi,October,Saturday,Evening,fourth week,Shock,Preoccupation with the road while driving the vehicle in any way,Satellite Street - Tarif,Petrol station,General Street (Abu Dhabi - Commodities),Individual,day,Wicked (Bad),No Clouds,dry,passenger,A passenger in the front seat,Simple,35,Male,160,4,There is no,Not at intersection,1
898414,2021,Sharjah,February,Wednesday,In the afternoon,the third week,Be shocked,Preoccupation with the road while driving the vehicle in any way,Sheikh Khalid bin Mohammed Al Qasimi Street,Commercial area,Sheikh Khaled Road,public road,Night - Enough lighting,Wicked (Bad),No Clouds,dry,driver,Driver,Simple,47,Male,60,2,There is no,Not on or by (20) meters of a,1
898423,2021,Sharjah,May,Friday,Before noon,fourth week,Shock,Preoccupation with the road while driving the vehicle in any way,Maliha Street,Residential area,Mud,Double road,Night - Enough lighting,Wicked (Bad),No Clouds,dry,passenger,A passenger in the front seat,Simple,19,Male,80,2,There is no,Hole,1
898424,2021,Abu Dhabi,June,Thursday,Evening,second week,Shock,Preoccupation with the road while driving the vehicle in any way,Sweihan Road,Tunnel / Bridge,The farmer,public road,Night - Enough lighting,Wicked (Bad),No Clouds,dry,passenger,A passenger in the front seat,Simple,21,Male,140,4,There is no,Not on or by (20) meters of a,1
898427,2021,Sharjah,January,Friday,At noon,the third week,Be shocked,Sudden deviation,Al -Dhaid / Al -Rafiah,External road,Al Dhaid / Sharjah,Individual,day,Wicked (Bad),No Clouds,dry,driver,Driver,Simple,15,Male,60,2,There is no,Not at intersection,1
898428,2021,Sharjah,April,Thursday,Before noon,the third week,A fixed body shocked the road,Sudden deviation,Cemetery,Commercial area,the East,public road,day,Wicked (Bad),No Clouds,dry,driver,Driver,Simple,20,Male,80,2,There is no,Not on or by (20) meters of a,1
898440,2021,Abu Dhabi,June,Friday,At noon,fourth week,Shock,Preoccupation with the road while driving the vehicle in any way,Umm Al -Nar Road / Shahama,External road,Rest Beach Bridge,public road,day,Wicked (Bad),No Clouds,dry,driver,Driver,Medium,48,Female,140,5,There is no,Not on or by (20) meters of a,1
898441,2021,Umm Al Quwain,March,Sunday,Before noon,fourth week,A fixed body shocked the road,Sudden deviation,Sheikh Mohammed bin Zayed Street (Umm Al Qain - Ras Al Khaimah),Petrol station,Navel,Double road,Night - Enough lighting,Wicked (Bad),No Clouds,dry,passenger,A passenger in the front seat,Medium,20,Male,140,3,There is no,Not on or by (20) meters of a,1
898444,2021,Abu Dhabi,July,Tuesday,At noon,the third week,A fixed body was shocked outside the road,Sudden deviation,Sweihan Street - Al Hir,External road,All regions,Double road,day,Wicked (Bad),No Clouds,dry,driver,Driver,Medium,23,Male,120,2,There is no,Not on or by (20) meters of a,1
898448,2021,Abu Dhabi,May,Monday,Evening,The fifth week,Run,Preoccupation with the road while driving the vehicle in any way,International airport roads,Residential area,Khalifa City (a),Intersection,Night - without lighting,Other (select),No Clouds,Other (select),pedestrian,There is no passenger,Medium,35,Male,40,2,He crosses not on transit lines,Vertical cross intersection,1
898449,2021,Abu Dhabi,February,Thursday,At noon,fourth week,Shock,Preoccupation with the road while driving the vehicle in any way,Sheikh Maktoum Bin Rashid Street,External road,Phantom,Double road,day,Wicked (Bad),No Clouds,dry,passenger,A passenger in the front seat,Medium,37,Male,140,5,There is no,Not on or by (20) meters of a,1
898450,2021,Abu Dhabi,April,Friday,Evening,the third week,Shock,Preoccupation with the road while driving the vehicle in any way,Al -Mafraq Al -Shawamik Street,Tunnel / Bridge,There is no definition of regions,Double road,Night - Enough lighting,Wicked (Bad),No Clouds,Temple,driver,Bike,Medium,16,Male,80,3,There is no,Not on or by (20) meters of a,1
898451,2021,Abu Dhabi,November,Friday,Evening,fourth week,Cross -100,Sudden deviation,Abu Dhabi Road - Al Ain,Others,Al Wathba (East + West),Individual,Night - Enough lighting,Wicked (Bad),No Clouds,dry,passenger,Rapid in the back seat,Medium,37,Male,80,1,There is no,Not on or by (20) meters of a,1
898453,2021,Abu Dhabi,October,Sunday,Evening,fourth week,Shock,Preoccupation with the road while driving the vehicle in any way,Tarif road,School,sedate,Out of the way,Night - without lighting,Wicked (Bad),No Clouds,dry,driver,Driver,Medium,26,Male,40,1,There is no,Not on or by (20) meters of a,1
898455,2021,Abu Dhabi,November,Friday,At noon,fourth week,Shock,Preoccupation with the road while driving the vehicle in any way,Truck Road (Abu Dhabi-Al Ain),Sandy area,Al Wathba Camel Square,Out of the way,day,Wicked (Bad),No Clouds,earthy,driver,Driver,Medium,29,Male,20,1,There is no,Not on or by (20) meters of a,1
898460,2021,Abu Dhabi,May,Friday,In the afternoon,The first week,A fixed body was shocked outside the road,Preoccupation with the road while driving the vehicle in any way,Abu Dhabi Road - Al Ain,Residential area,Mohammed bin Zayed City,vertigo,day,Wicked (Bad),No Clouds,dry,driver,Bike,Medium,26,Male,40,2,There is no,vertigo,1
898461,2021,Abu Dhabi,February,Monday,In the afternoon,fourth week,Shock,Preoccupation with the road while driving the vehicle in any way,Sweihan Road,Residential area,The farmer,Double road,Night - Enough lighting,Wicked (Bad),No Clouds,dry,driver,Driver,Medium,15,Male,80,4,There is no,Not on or by (20) meters of a,1
898463,2021,Ras Al Khaimah,July,Tuesday,At noon,the third week,Be shocked,Sudden deviation,"Sheikh Khalifa Street, Shawka area",External road,fork,public road,day,Wicked (Bad),No Clouds,dry,driver,Driver,Medium,46,Male,120,3,There is no,Not on or by (20) meters of a,1
898469,2021,Umm Al Quwain,November,Monday,Before noon,The first week,Deterioration,Sudden deviation,Sheikh Zayed bin Sultan Al Nahyan Street,External road,Kabir area,Double road,Night - Enough lighting,Wicked (Bad),No Clouds,dry,passenger,A passenger in the front seat,Medium,21,Male,100,2,There is no,Not at intersection,1
898475,2021,Ras Al Khaimah,January,Saturday,Before noon,The first week,Run,Preoccupation with the road while driving the vehicle in any way,Mohammed bin Salem Street,Commercial area,Mouth,vertigo,day,Wicked (Bad),No Clouds,Temple,pedestrian,There is no passenger,Medium,38,Male,80,3,He crosses pedestrian crossing lines,vertigo,1
898476,2021,Abu Dhabi,Dec,Friday,At noon,second week,Deterioration,Sudden deviation,Al -Mafraq Al -Shawamik Street,Tunnel / Bridge,There is no definition of regions,Double road,day,Wicked (Bad),No Clouds,dry,driver,Driver,Medium,38,Male,80,2,There is no,Not on or by (20) meters of a,1
898479,2021,Abu Dhabi,Dec,Tuesday,At noon,fourth week,Deterioration,Preoccupation with the road while driving the vehicle in any way,Yas Street One,External road,Yass Island,Double road,day,Wicked (Bad),No Clouds,dry,driver,Bike,Medium,30,Male,60,2,There is no,Not on or by (20) meters of a,1
898480,2021,Abu Dhabi,June,Wednesday,Evening,second week,Shock,Preoccupation with the road while driving the vehicle in any way,Armored road,Tunnel / Bridge,Industrial armored bridge,Individual,day,Wicked (Bad),No Clouds,dry,passenger,A passenger in the front seat,Medium,41,Male,100,3,There is no,Not on or by (20) meters of a,1
898482,2021,Ras Al Khaimah,June,Friday,Evening,the third week,Run,Preoccupation with the road while driving the vehicle in any way,Al -Falaiya Street,Commercial area,Atmosphere,public road,Night - Enough lighting,Wicked (Bad),No Clouds,Temple,pedestrian,There is no passenger,Medium,34,Male,80,2,Familiar,Not on or by (20) meters of a,1
898486,2021,Sharjah,February,Wednesday,Evening,second week,Be shocked,Sudden deviation,Sheikh Mohammed bin Zayed Street,External road,Hamriyah,Double road,Night - Enough lighting,Wicked (Bad),No Clouds,dry,driver,Driver,Medium,28,Male,120,3,There is no,Not on or by (20) meters of a,1
898487,2021,Abu Dhabi,October,Tuesday,Evening,the third week,A fixed body was shocked outside the road,Sudden deviation,Zayed Bin Sultan Street (General),Commercial area,Jerk,Double road,Night - Enough lighting,Wicked (Bad),No Clouds,dry,driver,Driver,Medium,33,Male,100,3,There is no,Not on or by (20) meters of a,1
898488,2021,Abu Dhabi,September,Thursday,At noon,The fifth week,Shock,Preoccupation with the road while driving the vehicle in any way,Sweihan Road,External road,Zayed Military City,Double road,day,Wicked (Bad),No Clouds,dry,driver,Driver,Medium,50,Male,140,4,There is no,Not on or by (20) meters of a,1
898489,2021,Ras Al Khaimah,February,Wednesday,Before noon,second week,Deterioration,Sudden deviation,Mohammed bin Salem Street,Residential area,Southern,vertigo,day,Wicked (Bad),No Clouds,Temple,driver,Bike,Medium,39,Male,40,2,There is no,vertigo,1
898490,2021,Abu Dhabi,August,Sunday,Evening,The fifth week,Deterioration,Preoccupation with the road while driving the vehicle in any way,Khalifa Bin Zayed Street I,Industrial area,There is no definition of regions,Double road,Night - Enough lighting,Wicked (Bad),No Clouds,dry,passenger,Rapid in the back seat,Medium,30,Male,100,3,There is no,Not at intersection,1
898494,2021,Abu Dhabi,January,Sunday,Evening,The fifth week,Shock,Preoccupation with the road while driving the vehicle in any way,Umm Al -Nar Road / Shahama,External road,Rest Beach,public road,Night - Enough lighting,Wicked (Bad),No Clouds,dry,driver,Driver,Medium,23,Male,140,4,There is no,Not on or by (20) meters of a,1
898499,2021,Sharjah,Dec,Sunday,Before noon,The first week,Deterioration,Sudden deviation,Khorfakkan Road,External road,scarf,Double road,day,Wicked (Bad),No Clouds,dry,driver,Driver,Medium,24,Male,120,2,There is no,Not at intersection,1
898501,2021,Abu Dhabi,October,Sunday,At noon,second week,Run,Preoccupation with the road while driving the vehicle in any way,Abu Dhabi Road - Al Ain,Residential area,Mohammed bin Zayed City,Double road,day,Wicked (Bad),No Clouds,dry,pedestrian,There is no passenger,Medium,58,Female,80,3,He crosses pedestrian crossing lines,Not on or by (20) meters of a,1
898505,2021,Abu Dhabi,September,Wednesday,At noon,fourth week,Consecutive,Preoccupation with the road while driving the vehicle in any way,Truck Road (Abu Dhabi-Al Ain),External road,Al Wathba Palace,Double road,day,Wicked (Bad),No Clouds,dry,driver,Driver,Medium,35,Male,80,2,There is no,Not on or by (20) meters of a,1
898509,2021,Abu Dhabi,June,Wednesday,Evening,second week,A fixed body was shocked outside the road,Sudden deviation,Hamdan bin Mohammed Street (Al Ain),Residential area,Ventricle,Double road,Night - Enough lighting,Wicked (Bad),No Clouds,dry,driver,Driver,Medium,22,Male,100,3,There is no,Not on or by (20) meters of a,1
898511,2021,Abu Dhabi,February,Wednesday,Evening,The first week,Be shocked,Preoccupation with the road while driving the vehicle in any way,International airport roads,Residential area,Khalifa City (a),Other (select),Night - weak lighting,Other (select),No Clouds,earthy,driver,Bike,Medium,37,Male,20,0,There is no,Not on or by (20) meters of a,1
898514,2021,Abu Dhabi,January,Saturday,Before noon,the third week,Shock,Preoccupation with the road while driving the vehicle in any way,Bani Yas Sports Club,Residential area,The shampoo,Double road,day,Wicked (Bad),No Clouds,dry,driver,Bike,Medium,27,Male,80,3,There is no,Not on or by (20) meters of a,1
898519,2021,Ras Al Khaimah,September,Thursday,Before noon,second week,Be shocked,Sudden deviation,Al Montaser Street,Commercial area,Palm,Double road,Night - Enough lighting,Wicked (Bad),No Clouds,Temple,driver,Driver,Medium,41,Female,80,2,There is no,Not at intersection,1
898522,2021,Abu Dhabi,June,Wednesday,Evening,the third week,Be shocked,Sudden deviation,Sheikh Maktoum Bin Rashid Street,Tunnel / Bridge,Al Samha Bridge,vertigo,Night - Enough lighting,Wicked (Bad),No Clouds,dry,driver,Driver,Medium,47,Male,60,2,There is no,Not on or by (20) meters of a,1
898523,2021,Sharjah,August,Tuesday,Before noon,fourth week,Run,Preoccupation with the road while driving the vehicle in any way,King Abdulaziz Street,Mosque,Bushra,Individual,day,Wicked (Bad),No Clouds,dry,pedestrian,There is no passenger,Medium,36,Female,40,1,There is no,Not on or by (20) meters of a,1
898524,2021,Abu Dhabi,July,Thursday,Evening,The fifth week,Run,Preoccupation with the road while driving the vehicle in any way,Ghiasi Shari,Residential area,Ghiasi,Individual,Night - without lighting,Wicked (Bad),No Clouds,dry,pedestrian,There is no passenger,Medium,28,Male,30,2,He crosses not on transit lines,Not on or by (20) meters of a,1
898528,2021,Ras Al Khaimah,May,Tuesday,In the afternoon,The first week,Shock,Preoccupation with the road while driving the vehicle in any way,Al -Falaiya Street,Commercial area,Atmosphere,public road,Night - Enough lighting,Wicked (Bad),No Clouds,Temple,driver,Driver,Medium,28,Male,100,2,It crosses the crossing lines,Not on or by (20) meters of a,1
898531,2021,Ras Al Khaimah,January,Tuesday,At noon,The first week,Run,Preoccupation with the road while driving the vehicle in any way,Crimean victor intersection,Commercial area,Palm,Individual,day,Wicked (Bad),No Clouds,dry,pedestrian,There is no passenger,Medium,35,Male,20,1,There is no,Not on or by (20) meters of a,1
898532,2021,Abu Dhabi,Dec,Tuesday,At noon,The first week,Deterioration,Sudden deviation,Tarif road,Sandy area,Cavities,Double road,Night - without lighting,Wicked (Bad),No Clouds,Temple,driver,Driver,Medium,21,Male,80,2,There is no,Not at intersection,1
898539,2021,Ajman,January,Wednesday,At noon,fourth week,A fixed body shocked the road,Sudden deviation,Sheikh Hamid bin Rashid Al Nuaimi Street,Others,Rumor,Double road,day,Wicked (Bad),No Clouds,dry,pedestrian,There is no passenger,Medium,54,Male,50,0,There is no,Not on or by (20) meters of a,1
898544,2021,Abu Dhabi,June,Wednesday,Before noon,the third week,Deterioration,Sudden deviation,Al Ain Street - Al -Wajan - Al -Qaa,External road,Custody,Double road,day,Wicked (Bad),No Clouds,dry,passenger,A passenger in the front seat,Medium,2,Male,140,2,There is no,Not at intersection,1
898545,2021,Sharjah,June,Friday,Evening,The first week,Run,Preoccupation with the road while driving the vehicle in any way,Cooperation Street,Commercial area,Khan,Other (select),Night - Enough lighting,Wicked (Bad),No Clouds,dry,pedestrian,There is no passenger,Medium,64,Female,80,3,He crosses not on transit lines,vertigo,1
898546,2021,Abu Dhabi,October,Wednesday,Evening,The first week,Shock,Sudden deviation,Sheikh Mohammed bin Rashid Al Maktoum Street,External road,-,public road,day,Wicked (Bad),No Clouds,Temple,driver,Driver,Medium,47,Female,140,4,There is no,Not at intersection,1
898557,2021,Abu Dhabi,June,Wednesday,At noon,The first week,Consecutive,Preoccupation with the road while driving the vehicle in any way,Truck Street,Tunnel / Bridge,Bare,Double road,day,Wicked (Bad),No Clouds,dry,driver,Driver,Medium,58,Male,120,3,There is no,Not at intersection,1
898558,2021,Abu Dhabi,March,Thursday,In the afternoon,second week,Shock,Preoccupation with the road while driving the vehicle in any way,Sheikh Maktoum Bin Rashid Street,Tunnel / Bridge,Long Bridge,Individual,day,Wicked (Bad),No Clouds,dry,passenger,A passenger in the front seat,Medium,48,Male,140,2,There is no,Not on or by (20) meters of a,1
898559,2021,Abu Dhabi,January,Wednesday,Before noon,second week,Run,Preoccupation with the road while driving the vehicle in any way,Al -Mafraq Al -Shawamik Street,External road,Mafraq Bridge,public road,day,Wicked (Bad),No Clouds,dry,pedestrian,There is no passenger,Medium,21,Male,120,4,There is no,Not on or by (20) meters of a,1
898562,2021,Abu Dhabi,March,Sunday,Evening,the third week,Shock,Preoccupation with the road while driving the vehicle in any way,Armored road,Commercial area,Industrial armored bridge,Individual,Night - Enough lighting,Wicked (Bad),No Clouds,dry,pedestrian,There is no passenger,Medium,25,Male,60,3,Familiar,Not on or by (20) meters of a,1
898563,2021,Ras Al Khaimah,November,Thursday,At noon,The first week,Deterioration,Preoccupation with the road while driving the vehicle in any way,Sea Al -Bana Street,Others,Stagnation,Double road,day,Wicked (Bad),No Clouds,Temple,driver,Driver,Medium,31,Male,120,2,There is no,Not on or by (20) meters of a,1
898565,2021,Abu Dhabi,October,Sunday,In the afternoon,The fifth week,Shock,Preoccupation with the road while driving the vehicle in any way,Sweihan Road,Tunnel / Bridge,The farmer,Double road,Night - Enough lighting,Wicked (Bad),No Clouds,dry,driver,Driver,Medium,44,Male,140,4,There is no,Not on or by (20) meters of a,1
898566,2021,Abu Dhabi,May,Monday,Before noon,The first week,A fixed body was shocked outside the road,Preoccupation with the road while driving the vehicle in any way,Abu Dhabi Road - Al Ain,External road,Spear,Double road,day,Wicked (Bad),No Clouds,dry,passenger,A passenger in the front seat,Medium,59,Male,160,3,There is no,Not at intersection,1
898577,2021,Fujairah,April,Friday,Evening,second week,Consecutive,Preoccupation with the road while driving the vehicle in any way,A profitable street -,Tunnel / Bridge,Shabika area,Bridge / tunnel,Night - Enough lighting,Wicked (Bad),No Clouds,Temple,driver,Driver,Medium,54,Male,100,3,There is no,Not on or by (20) meters of a,1
898579,2021,Abu Dhabi,Dec,Thursday,Before noon,fourth week,A fixed body shocked the road,Preoccupation with the road while driving the vehicle in any way,Abu Dhabi Road - Al Ain,External road,the seal,public road,day,Wicked (Bad),No Clouds,dry,passenger,A passenger in the front seat,Medium,71,Female,40,2,There is no,Hole,1
898580,2021,Abu Dhabi,Dec,Monday,In the afternoon,fourth week,Consecutive,Preoccupation with the road while driving the vehicle in any way,Sheikh Maktoum Bin Rashid Street,External road,There is no definition of regions,public road,Night - Enough lighting,crowded,No Clouds,dry,driver,Driver,Medium,37,Male,140,4,There is no,Not on or by (20) meters of a,1
898583,2021,Abu Dhabi,August,Saturday,Evening,the third week,Shock,Preoccupation with the road while driving the vehicle in any way,Liwa Street,Agricultural area,Zayed City,Double road,day,Wicked (Bad),No Clouds,dry,passenger,There is no passenger,Medium,46,Male,140,2,There is no,Not on or by (20) meters of a,1
898584,2021,Abu Dhabi,September,Sunday,Before noon,The first week,Shock,Preoccupation with the road while driving the vehicle in any way,Al -Mafraq Al -Shawamik Street,External road,There is no definition of regions,Double road,day,Wicked (Bad),No Clouds,dry,driver,Driver,Medium,29,Male,140,4,There is no,Not on or by (20) meters of a,1
898585,2021,Abu Dhabi,August,Wednesday,Before noon,The first week,Be shocked,Sudden deviation,El-Shikh Zayed street,Commercial area,There is no definition of regions,public road,day,Wicked (Bad),No Clouds,dry,passenger,A passenger in the front seat,Medium,35,Female,120,4,There is no,Not at intersection,1
898589,2021,Sharjah,May,Thursday,At noon,The first week,Be shocked,Sudden deviation,Hamriyah,Residential area,Hamriyah,Individual,day,Wicked (Bad),No Clouds,dry,driver,Driver,Medium,50,Male,100,2,There is no,Not at intersection,1
898592,2021,Sharjah,June,Sunday,Evening,The first week,Run,Preoccupation with the road while driving the vehicle in any way,Lake Corniche Street,Residential area,Magazine 1,Double road,Night - Enough lighting,Wicked (Bad),No Clouds,dry,pedestrian,There is no passenger,Medium,32,Female,60,3,He crosses not on transit lines,Not on or by (20) meters of a,1
898593,2021,Abu Dhabi,April,Thursday,Evening,The fifth week,Shock,Preoccupation with the road while driving the vehicle in any way,Sheikh Maktoum Bin Rashid Street,External road,The Bridge of Huma,Double road,Night - Enough lighting,Wicked (Bad),No Clouds,dry,driver,Bike,Medium,25,Male,140,4,There is no,Not on or by (20) meters of a,1
898599,2021,Sharjah,April,Saturday,Evening,the third week,Be shocked,Sudden deviation,Al -Zahra Street,Residential area,Gyour,Double road,Night - Enough lighting,Wicked (Bad),No Clouds,dry,driver,Bike,Medium,21,Male,60,2,There is no,Not on or by (20) meters of a,1
898608,2021,Ras Al Khaimah,February,Saturday,In the afternoon,fourth week,Non -moving,Preoccupation with the road while driving the vehicle in any way,Jabal Jais Street,Mountainous area,Whisper,Double road,Night - without lighting,Wicked (Bad),No Clouds,dry,passenger,A passenger in the front seat,Eloquent,32,Male,60,2,There is no,Not on or by (20) meters of a,1