Fake ID,Year,City,Month,Day,Time,Week,Type Of Accident,Reasons,Street,Place,Area,Location,Lighting,Road Condition,Weather Condition,Road surface,Lay injured,Injured seat,Degree of injury,Age of the injured,The person's gender,Speed of the road,Number of tracks,Pedestrian behavior,Intersection,Total
898610,2021,Fujairah,July,Thursday,Before noon,the third week,Be shocked,Sudden deviation,An internal street,Mountainous area,Ceiji area,Dhuatatin Road,day,curve,No Clouds,Temple,driver,Driver,Eloquent,20,Male,60,2,There is no,Not on or by (20) meters of a,1
898612,2021,Ras Al Khaimah,June,Sunday,Evening,the third week,A fixed body shocked the road,Preoccupation with the road while driving the vehicle in any way,Al Watan Street,Mountainous area,Al -Munai’i,Double road,Night - Enough lighting,Wicked (Bad),No Clouds,dry,driver,Driver,Eloquent,51,Male,100,3,There is no,Not on or by (20) meters of a,1
898614,2021,Abu Dhabi,Dec,Wednesday,Evening,fourth week,Be shocked,Sudden deviation,Sweihan Road,Tunnel / Bridge,Sweihan,public road,Night - Enough lighting,Wicked (Bad),No Clouds,dry,driver,Driver,Eloquent,20,Male,140,3,There is no,Not on or by (20) meters of a,1
898615,2021,Abu Dhabi,April,Sunday,Before noon,the third week,Shock,Preoccupation with the road while driving the vehicle in any way,Armored road,External road,Khalifa popular bridge,Double road,Night - Enough lighting,Wicked (Bad),No Clouds,dry,driver,Driver,Eloquent,32,Male,100,3,There is no,Not on or by (20) meters of a,1
898621,2021,Abu Dhabi,August,Thursday,At noon,fourth week,Shock,Sudden deviation,Sheikh Maktoum Bin Rashid Street,External road,Sayeh Al -Sidair,Individual,day,Wicked (Bad),No Clouds,dry,passenger,A passenger in the front seat,Eloquent,38,Male,120,3,There is no,Hole,1
898623,2021,Abu Dhabi,September,Monday,At noon,fourth week,Cross -100,Preoccupation with the road while driving the vehicle in any way,Al Ain Street - Al -Wajan - Al -Qaa,External road,Custody,Double road,day,Wicked (Bad),No Clouds,dry,driver,Driver,Eloquent,19,Male,120,2,There is no,Not at intersection,1
898624,2021,Abu Dhabi,October,Tuesday,Evening,The first week,Shock,Preoccupation with the road while driving the vehicle in any way,Rashid between Sayed Al Maktoum Street (Tah),Governmental,Supervisor,public road,Night - Enough lighting,Wicked (Bad),No Clouds,dry,driver,Bike,Eloquent,48,Male,80,4,There is no,Not at intersection,1
898626,2021,Ras Al Khaimah,June,Sunday,At noon,fourth week,Deterioration,Preoccupation with the road while driving the vehicle in any way,Mohammed bin Salem Street,Governmental,Southern,public road,day,Wicked (Bad),No Clouds,Temple,driver,Driver,Eloquent,23,Male,40,2,He crosses pedestrian crossing lines,Not on or by (20) meters of a,1
898627,2021,Ras Al Khaimah,April,Friday,Before noon,second week,Run,Preoccupation with the road while driving the vehicle in any way,Al -Faisal Street near the agencies,Commercial area,Old Ras Al Khaimah,public road,Night - Enough lighting,Wicked (Bad),No Clouds,Temple,pedestrian,There is no passenger,Eloquent,32,Female,80,3,He crosses not on transit lines,Not at intersection,1
898632,2021,Abu Dhabi,Dec,Monday,Before noon,the third week,Shock,Preoccupation with the road while driving the vehicle in any way,General Street (Abu Dhabi - Commodities),External road,Port,public road,day,Wicked (Bad),No Clouds,dry,driver,Driver,death,71,Male,160,4,There is no,Not at intersection,1
898635,2021,Sharjah,October,Saturday,Evening,The fifth week,Run,Preoccupation with the road while driving the vehicle in any way,Nasiriyah Street,Residential area,Nasiriyah,Individual,Night - Enough lighting,crowded,No Clouds,dry,pedestrian,There is no passenger,death,75,Male,60,2,There is no,Not at intersection,1
898636,2021,Abu Dhabi,Dec,Friday,Evening,The first week,Run,Preoccupation with the road while driving the vehicle in any way,Al Ain Street - Dubai,External road,housing,Double road,Night - Enough lighting,Wicked (Bad),No Clouds,dry,pedestrian,There is no passenger,death,28,Male,140,4,There is no,Not at intersection,1
898638,2021,Abu Dhabi,January,Sunday,At noon,second week,Deterioration,Preoccupation with the road while driving the vehicle in any way,Umm Al -Zamoul Street,External road,Mother of Zamul,Dhuatatin Road,day,Wicked (Bad),No Clouds,dry,driver,Driver,death,26,Male,100,2,There is no,Not at intersection,1
898643,2021,Abu Dhabi,February,Wednesday,Evening,second week,Shock,Preoccupation with the road while driving the vehicle in any way,Jabal Hafit Street,Residential area,Ain Al -Fawya,public road,Night - Enough lighting,Wicked (Bad),No Clouds,dry,driver,Driver,death,21,Male,100,3,There is no,Not at intersection,1
898646,2021,Fujairah,Dec,Wednesday,Evening,second week,Non -moving,Sudden deviation,Palm Street,Residential area,Al -Owaid region,public road,Night - Enough lighting,Wicked (Bad),No Clouds,Temple,driver,Driver,death,18,Male,60,3,There is no,Vertical cross intersection,1
898647,2021,Ras Al Khaimah,September,Friday,Before noon,second week,Deterioration,Sudden deviation,Dafta Street,Commercial area,Inconsistent,Double road,day,Wicked (Bad),No Clouds,dry,driver,Driver,death,37,Male,80,2,There is no,Not at intersection,1
898649,2021,Ras Al Khaimah,May,Tuesday,Evening,the third week,Shock,Preoccupation with the road while driving the vehicle in any way,Emirates Street Transit Street,Tunnel / Bridge,Stagnation,Double road,Night - Enough lighting,Wicked (Bad),No Clouds,Temple,driver,Driver,death,43,Male,120,4,There is no,Multi -legs intersection,1
898650,2021,Abu Dhabi,May,Friday,At noon,the third week,A fixed body shocked the road,Preoccupation with the road while driving the vehicle in any way,An internal street,Residential area,Swallow,Double road,day,Wicked (Bad),No Clouds,dry,driver,Driver,death,21,Male,100,2,There is no,Not on or by (20) meters of a,1
898651,2021,Ras Al Khaimah,June,Friday,Evening,the third week,Run,Preoccupation with the road while driving the vehicle in any way,Al -Falaiya Street,Commercial area,Atmosphere,public road,Night - Enough lighting,Wicked (Bad),No Clouds,Temple,pedestrian,There is no passenger,death,31,Male,80,2,Familiar,Not on or by (20) meters of a,1
898652,2021,Abu Dhabi,March,Monday,Before noon,second week,Run,Preoccupation with the road while driving the vehicle in any way,There is no definition,Commercial area,Industrial Archbishop,Double road,day,Wicked (Bad),No Clouds,dry,pedestrian,There is no passenger,death,36,Male,40,2,Familiar,Not on or by (20) meters of a,1
898654,2021,Sharjah,July,Sunday,Before noon,second week,A fixed body was shocked outside the road,Preoccupation with the road while driving the vehicle in any way,Kuwait Street,Residential area,Qadisiyah,Double road,Night - Enough lighting,Wicked (Bad),No Clouds,dry,driver,Driver,Simple,21,Male,60,3,There is no,Not on or by (20) meters of a,1
898657,2021,Abu Dhabi,September,Wednesday,Evening,the third week,Deterioration,Preoccupation with the road while driving the vehicle in any way,Hawi bridge,Residential area,The city of Shakhbout,Individual,Night - Enough lighting,Wicked (Bad),No Clouds,dry,driver,Bike,Simple,27,Male,80,3,There is no,Not on or by (20) meters of a,1
898660,2021,Ras Al Khaimah,October,Thursday,In the afternoon,second week,Deterioration,Sudden deviation,Al -Ittihad Street from Al -Sarramic Roundabout to Morgan Borders,Others,The Red Island,public road,Night - Enough lighting,Wicked (Bad),No Clouds,Temple,passenger,Rapid in the back seat,Simple,16,Male,120,2,There is no,Not at intersection,1
898661,2021,Abu Dhabi,February,Wednesday,At noon,The first week,Be shocked,Preoccupation with the road while driving the vehicle in any way,Abu Dhabi Road - Al Ain,External road,Abu Samra,Double road,day,Wicked (Bad),No Clouds,dry,passenger,A passenger in the front seat,Simple,56,Female,160,3,There is no,Not at intersection,1
898666,2021,Abu Dhabi,April,Friday,Evening,fourth week,Run,Preoccupation with the road while driving the vehicle in any way,Sheikh Maktoum Bin Rashid Street,Agricultural area,magnanimity,Double road,Night - without lighting,Wicked (Bad),No Clouds,dry,pedestrian,There is no passenger,Simple,46,Male,40,2,There is no,Not on or by (20) meters of a,1
898670,2021,Ras Al Khaimah,May,Saturday,In the afternoon,the third week,Be shocked,Preoccupation with the road while driving the vehicle in any way,Wadi Al -Bayh Street,Mountainous area,Sih Al -Barirat,Dhuatatin Road,day,Wicked (Bad),No Clouds,Temple,driver,Driver,Simple,28,Male,60,2,There is no,Others,1
898673,2021,Sharjah,November,Friday,Before noon,second week,Be shocked,Preoccupation with the road while driving the vehicle in any way,Al -Maliha Street / Kalba towards Kalba,External road,Al -Maliha Street / Kalba,Double road,day,Wicked (Bad),No Clouds,dry,passenger,Rapid in the back seat,Simple,13,Female,120,3,There is no,Not at intersection,1
898677,2021,Fujairah,May,Thursday,Before noon,second week,A fixed body was shocked outside the road,Sudden deviation,A profitable street -,Residential area,Village,public road,day,Wicked (Bad),No Clouds,Temple,passenger,Rapid in the back seat,Simple,15,Male,120,3,There is no,Not on or by (20) meters of a,1
898679,2021,Sharjah,August,Friday,Evening,the third week,Deterioration,Sudden deviation,Hamriyah,Residential area,Hamriyah,Individual,day,Wicked (Bad),No Clouds,Sand,passenger,Rapid in the back seat,Simple,19,Male,40,1,There is no,Others,1
898681,2021,Sharjah,January,Wednesday,Before noon,fourth week,A fixed body was shocked outside the road,Sudden deviation,Sheikh Khalid bin Mohammed Al Qasimi Street,Commercial area,Sheikh Khaled Road,Double road,day,Wicked (Bad),No Clouds,dry,driver,Driver,Simple,35,Male,60,2,There is no,Not on or by (20) meters of a,1
898682,2021,Abu Dhabi,Dec,Sunday,Before noon,The first week,Shock,Preoccupation with the road while driving the vehicle in any way,Sultan Bin Zayed the First Street (Thirty Two),Residential area,There is no definition of regions,public road,day,Wicked (Bad),No Clouds,dry,passenger,A passenger in the front seat,Simple,29,Male,80,4,There is no,Not at intersection,1
898687,2021,Abu Dhabi,October,Saturday,Before noon,The first week,Deterioration,Preoccupation with the road while driving the vehicle in any way,The shampoo,Tunnel / Bridge,There is no definition of regions,Individual,day,Wicked (Bad),fog,Temple,passenger,Rapid in the back seat,Simple,17,Male,80,1,There is no,Not on or by (20) meters of a,1
898690,2021,Abu Dhabi,Dec,Monday,At noon,second week,Consecutive,Preoccupation with the road while driving the vehicle in any way,Sheikh Maktoum Bin Rashid Street,Tunnel / Bridge,The Bridge of Huma,Individual,day,The movement is suspended,No Clouds,dry,driver,Driver,Simple,28,Male,140,4,There is no,Not on or by (20) meters of a,1
898701,2021,Umm Al Quwain,March,Monday,Before noon,second week,Shock,Preoccupation with the road while driving the vehicle in any way,Sheikh Zayed bin Sultan Al Nahyan Street,Petrol station,Navel,Double road,Night - Enough lighting,Wicked (Bad),No Clouds,dry,driver,Driver,Simple,32,Male,80,2,There is no,Not on or by (20) meters of a,1
898703,2021,Abu Dhabi,July,Thursday,In the afternoon,The first week,A fixed body shocked the road,Preoccupation with the road while driving the vehicle in any way,Abu Dhabi Road - Al Ain,External road,the seal,Double road,day,Wicked (Bad),No Clouds,dry,driver,Driver,Simple,32,Male,160,3,There is no,Not on or by (20) meters of a,1
898705,2021,Ras Al Khaimah,May,Thursday,Before noon,fourth week,Deterioration,Sudden deviation,Asfni Street,Tunnel / Bridge,Wadi describe me,Individual,day,Wicked (Bad),No Clouds,dry,passenger,Bike,Simple,34,Male,80,1,There is no,Not on or by (20) meters of a,1
898706,2021,Ras Al Khaimah,March,Sunday,At noon,fourth week,Be shocked,Preoccupation with the road while driving the vehicle in any way,Al -Kharan Street,Commercial area,Hurry,public road,day,Wicked (Bad),No Clouds,Temple,passenger,A passenger in the front seat,Simple,43,Female,80,2,There is no,Not on or by (20) meters of a,1
898711,2021,Fujairah,April,Tuesday,Evening,second week,Be shocked,Sudden deviation,Industrial tricks,Industrial area,Tricks,public road,Night - Enough lighting,Wicked (Bad),No Clouds,dry,driver,Bike,Simple,30,Male,80,2,There is no,Not at intersection,1
898712,2021,Abu Dhabi,January,Tuesday,Evening,The first week,A fixed body was shocked outside the road,Preoccupation with the road while driving the vehicle in any way,Sweihan Road,External road,The farmer,Double road,Night - Enough lighting,Wicked (Bad),No Clouds,dry,driver,Driver,Simple,19,Male,140,4,There is no,Not on or by (20) meters of a,1
898714,2021,Abu Dhabi,March,Tuesday,In the afternoon,the third week,Shock,Preoccupation with the road while driving the vehicle in any way,Sweihan Road,External road,Sweihan,Double road,Night - Enough lighting,Wicked (Bad),No Clouds,dry,passenger,Rapid in the back seat,Simple,57,Female,140,2,There is no,Not at intersection,1
898715,2021,Sharjah,October,Saturday,Before noon,The fifth week,Deterioration,Sudden deviation,Hamriyah,Residential area,Hamriyah,Individual,Night - without lighting,Wicked (Bad),No Clouds,Sand,driver,Driver,Simple,17,Male,10,1,There is no,Not on or by (20) meters of a,1
898717,2021,Abu Dhabi,Dec,Monday,At noon,second week,Shock,Sudden deviation,Sheikh Maktoum Bin Rashid Street,Tunnel / Bridge,The Bridge of Huma,Individual,day,Wicked (Bad),No Clouds,dry,driver,Driver,Simple,48,Male,140,4,There is no,Not on or by (20) meters of a,1
898723,2021,Sharjah,March,Sunday,Evening,fourth week,Run,Preoccupation with the road while driving the vehicle in any way,Oushanic Hotel Roundabout,Petrol station,Al -Nudaifi,Other (select),Night - Enough lighting,Wicked (Bad),No Clouds,dry,pedestrian,There is no passenger,Simple,27,Male,20,1,He crosses not on transit lines,Not on or by (20) meters of a,1
898726,2021,Abu Dhabi,July,Friday,Evening,the third week,Run,Preoccupation with the road while driving the vehicle in any way,Roin Road,Sandy area,sedate,Individual,Night - without lighting,Wicked (Bad),No Clouds,Other (select),pedestrian,There is no passenger,Simple,33,Male,40,1,There is no,Not on or by (20) meters of a,1
898743,2021,Umm Al Quwain,November,Thursday,Evening,the third week,Deterioration,Sudden deviation,Sheikh Mohammed bin Zayed Street (Umm Al Qain - Ras Al Khaimah),Petrol station,Navel,Double road,Night - Enough lighting,Wicked (Bad),No Clouds,dry,passenger,Rapid in the back seat,Simple,35,Male,120,3,There is no,Not on or by (20) meters of a,1
898745,2021,Ras Al Khaimah,January,Tuesday,Evening,the third week,Deterioration,Sudden deviation,Khuzam Street,Mosque,Lap,vertigo,Night - Enough lighting,Wicked (Bad),No Clouds,Temple,driver,Driver,Simple,49,Male,80,3,There is no,Not on or by (20) meters of a,1
898746,2021,Sharjah,October,Thursday,At noon,the third week,Shock,Sudden deviation,Third industrial street,Industrial area,The tenth industrial,Intersection,day,Wicked (Bad),No Clouds,dry,driver,Driver,Simple,37,Male,60,3,There is no,Vertical cross intersection,1
898753,2021,Abu Dhabi,February,Friday,Evening,the third week,A fixed body was shocked outside the road,Sudden deviation,Muhammad bin Khalifa Street,Residential area,Healer,vertigo,Night - Enough lighting,Wicked (Bad),No Clouds,dry,driver,Bike,Medium,27,Male,60,3,There is no,vertigo,1
898756,2021,Sharjah,February,Monday,At noon,fourth week,Be shocked,Sudden deviation,Sheikh Mohammed bin Zayed Street,External road,Hamriyah,Double road,Night - Enough lighting,Wicked (Bad),No Clouds,dry,driver,Driver,Medium,36,Male,120,3,There is no,Not on or by (20) meters of a,1
898758,2021,Abu Dhabi,May,Sunday,At noon,second week,Shock,Sudden deviation,Sheikh Maktoum Bin Rashid Street,Others,There is no definition of regions,public road,day,Wicked (Bad),No Clouds,dry,driver,Bike,Medium,43,Male,100,2,There is no,Not on or by (20) meters of a,1
898760,2021,Ras Al Khaimah,October,Saturday,Evening,second week,Be shocked,Sudden deviation,Dafta Street,Mountainous area,Inconsistent,public road,day,Wicked (Bad),No Clouds,Temple,driver,Driver,Medium,47,Male,100,2,There is no,Not at intersection,1
898761,2021,Fujairah,Dec,Thursday,Evening,The first week,Shock,Sudden deviation,Al -Masafi Roundabout,Governmental,Masafi area,public road,day,Other (select),No Clouds,Temple,driver,Driver,Medium,25,Male,100,0,There is no,Not on or by (20) meters of a,1
898763,2021,Sharjah,September,Tuesday,Evening,the third week,Be shocked,Preoccupation with the road while driving the vehicle in any way,Al -Montazah Square,Residential area,Grocery,vertigo,Night - Enough lighting,Wicked (Bad),No Clouds,dry,driver,Bike,Medium,31,Male,20,2,There is no,vertigo,1
898764,2021,Abu Dhabi,January,Friday,At noon,fourth week,Deterioration,Preoccupation with the road while driving the vehicle in any way,Al -Mafraq Al -Shawamik Street,Residential area,Bani Yas (East),vertigo,day,Wicked (Bad),No Clouds,dry,driver,Bike,Medium,29,Male,60,3,There is no,vertigo,1
898768,2021,Abu Dhabi,May,Thursday,In the afternoon,fourth week,Run,Preoccupation with the road while driving the vehicle in any way,There is no definition,Industrial area,Industrial Archbishop,Individual,Night - Enough lighting,Wicked (Bad),No Clouds,Temple,pedestrian,There is no passenger,Medium,42,Male,80,3,There is no,Not on or by (20) meters of a,1
898769,2021,Abu Dhabi,May,Friday,In the afternoon,second week,Cross -100,Sudden deviation,Armored road,Industrial area,Industrial armored bridge,Dhuatatin Road,day,Wicked (Bad),No Clouds,Temple,passenger,A passenger in the front seat,Medium,34,Female,40,2,There is no,Not on or by (20) meters of a,1
898771,2021,Abu Dhabi,March,Tuesday,Evening,The first week,Deterioration,Sudden deviation,Nahel Street - Al Ain,External road,There is no definition of regions,Double road,Night - Enough lighting,Wicked (Bad),No Clouds,dry,driver,Driver,Medium,33,Male,140,2,There is no,Not at intersection,1
898773,2021,Abu Dhabi,Dec,Wednesday,Evening,second week,Deterioration,Preoccupation with the road while driving the vehicle in any way,Al Ain Street - Dubai,External road,All regions,Double road,Night - Enough lighting,Wicked (Bad),No Clouds,dry,driver,Driver,Medium,21,Male,140,3,There is no,Not at intersection,1
898774,2021,Abu Dhabi,January,Monday,At noon,The first week,Be shocked,Sudden deviation,Armored road,Commercial area,Industrial armored bridge,Intersection,day,Wicked (Bad),No Clouds,dry,driver,Bike,Medium,34,Male,40,3,There is no,Multi -legs intersection,1
898780,2021,Abu Dhabi,Dec,Thursday,Evening,the third week,A fixed body shocked the road,Preoccupation with the road while driving the vehicle in any way,Al -Mafraq Al -Shawamik Street,Residential area,Tall,vertigo,Night - Enough lighting,Wicked (Bad),No Clouds,dry,driver,Driver,Medium,40,Male,80,3,There is no,vertigo,1
898784,2021,Ras Al Khaimah,May,Monday,Evening,The fifth week,Be shocked,Preoccupation with the road while driving the vehicle in any way,Sheikh Rashid bin Saeed Street,School,Northern,public road,Night - Enough lighting,Wicked (Bad),No Clouds,Temple,driver,Bike,Medium,20,Male,80,2,There is no,Not on or by (20) meters of a,1
898791,2021,Abu Dhabi,September,Thursday,Evening,The first week,Shock,Preoccupation with the road while driving the vehicle in any way,Sheikh Mohammed bin Rashid Al Maktoum Street,Tunnel / Bridge,Gentott,Double road,Night - Enough lighting,Wicked (Bad),No Clouds,Temple,driver,Driver,Medium,36,Male,140,4,There is no,Not on or by (20) meters of a,1
898798,2021,Sharjah,April,Thursday,Evening,fourth week,Deterioration,Sudden deviation,Al Dhaid Street / Al Madam towards Al Madam,Others,Madame,Individual,Night - Enough lighting,Wicked (Bad),No Clouds,dry,passenger,A passenger in the front seat,Medium,18,Male,100,2,There is no,Not on or by (20) meters of a,1
898799,2021,Abu Dhabi,March,Monday,Before noon,The first week,Shock,Preoccupation with the road while driving the vehicle in any way,Abu Dhabi Road - Al Ain,Tunnel / Bridge,There is no definition of regions,Double road,day,Wicked (Bad),No Clouds,dry,driver,Driver,Medium,36,Male,160,3,There is no,Not on or by (20) meters of a,1
898807,2021,Abu Dhabi,October,Wednesday,Evening,The first week,A fixed body was shocked outside the road,Sudden deviation,Sheikh Mohammed bin Rashid Al Maktoum Street,External road,There is no definition of regions,Double road,Night - Enough lighting,Wicked (Bad),No Clouds,dry,driver,Driver,Medium,27,Male,100,4,There is no,Not on or by (20) meters of a,1
898812,2021,Abu Dhabi,October,Wednesday,At noon,The first week,Be shocked,Sudden deviation,Abu Dhabi Road - Al Ain,Petrol station,Hawi bridge,public road,day,Wicked (Bad),No Clouds,Temple,driver,Driver,Medium,37,Male,120,4,There is no,Not at intersection,1
898813,2021,Abu Dhabi,September,Tuesday,Evening,the third week,Shock,Preoccupation with the road while driving the vehicle in any way,Umm Al -Nar Road / Shahama,Residential area,Rest Beach,Double road,Night - Enough lighting,Wicked (Bad),No Clouds,dry,driver,Bike,Medium,26,Male,140,4,There is no,Not on or by (20) meters of a,1
898814,2021,Abu Dhabi,August,Friday,Evening,the third week,Deterioration,Sudden deviation,Khalifa Bin Zayed Street,Commercial area,Al -Mijiei,Double road,Night - Enough lighting,Wicked (Bad),No Clouds,dry,driver,Bike,Medium,27,Male,80,3,There is no,Not on or by (20) meters of a,1
898815,2021,Abu Dhabi,July,Sunday,Before noon,The first week,Deterioration,Sudden deviation,An internal street,Others,My line,Other (select),day,Wicked (Bad),No Clouds,earthy,driver,Driver,Medium,38,Male,20,0,There is no,Not at intersection,1
898832,2021,Abu Dhabi,August,Saturday,Evening,the third week,Shock,Preoccupation with the road while driving the vehicle in any way,Liwa Street,Agricultural area,Zayed City,Double road,day,Wicked (Bad),No Clouds,dry,driver,Driver,Medium,40,Male,140,2,There is no,Not on or by (20) meters of a,1
898836,2021,Abu Dhabi,Dec,Wednesday,Evening,The fifth week,Deterioration,Preoccupation with the road while driving the vehicle in any way,International airport roads,External road,Khalifa City (a),Individual,Night - Enough lighting,Wicked (Bad),No Clouds,dry,driver,Bike,Medium,24,Male,80,2,There is no,Not on or by (20) meters of a,1
898838,2021,Abu Dhabi,Dec,Saturday,In the afternoon,fourth week,Shock,Preoccupation with the road while driving the vehicle in any way,There is no definition,Tunnel / Bridge,Between the two bridges,Double road,day,Wicked (Bad),No Clouds,dry,driver,Driver,Medium,56,Male,100,3,There is no,Not at intersection,1
898839,2021,Ajman,May,Thursday,Evening,second week,Be shocked,Sudden deviation,Omar bin al-Khattab Street,Commercial area,Palm,Individual,Night - Enough lighting,Wicked (Bad),No Clouds,dry,driver,Bike,Medium,28,Male,50,0,There is no,Not on or by (20) meters of a,1
898840,2021,Abu Dhabi,November,Friday,Evening,fourth week,Cross -100,Sudden deviation,Abu Dhabi Road - Al Ain,Others,Al Wathba (East + West),Individual,Night - Enough lighting,Wicked (Bad),No Clouds,dry,driver,Driver,Medium,27,Male,80,1,There is no,Not on or by (20) meters of a,1
898841,2021,Abu Dhabi,February,Thursday,At noon,fourth week,Shock,Preoccupation with the road while driving the vehicle in any way,Yas Street One,Tunnel / Bridge,Yass Island,Double road,day,Wicked (Bad),No Clouds,Temple,driver,Driver,Medium,44,Male,140,4,There is no,Not on or by (20) meters of a,1
898845,2021,Abu Dhabi,July,Wednesday,Evening,second week,Deterioration,Preoccupation with the road while driving the vehicle in any way,Toward,Residential area,Tall,Double road,Night - Enough lighting,Wicked (Bad),No Clouds,Temple,driver,Bike,Medium,26,Male,80,2,There is no,Not on or by (20) meters of a,1
898848,2021,Abu Dhabi,Dec,Wednesday,Evening,The fifth week,A fixed body was shocked outside the road,Preoccupation with the road while driving the vehicle in any way,International airport roads,Governmental,Khalifa City (a),Individual,day,Wicked (Bad),No Clouds,dry,driver,Driver,Medium,23,Male,100,3,There is no,Not on or by (20) meters of a,1
898849,2021,Sharjah,January,Saturday,Before noon,The fifth week,Be shocked,Preoccupation with the road while driving the vehicle in any way,Truck Road (Al -Jadadiya - Al Sharq) Khorfakkan,Governmental,Sheikh Khalifa bin Zayed Street,public road,day,Wicked (Bad),No Clouds,dry,driver,Driver,Medium,38,Female,80,2,There is no,Not on or by (20) meters of a,1
898851,2021,Fujairah,November,Monday,Before noon,fourth week,Be shocked,Sudden deviation,Cement Factory Street,Mountainous area,Dibba Al -Fujairah / Al -Gob,public road,day,Wicked (Bad),No Clouds,Temple,driver,Driver,Medium,46,Male,100,2,There is no,Not on or by (20) meters of a,1
898853,2021,Abu Dhabi,October,Wednesday,Evening,the third week,A fixed body was shocked outside the road,Preoccupation with the road while driving the vehicle in any way,Al Wathba Palace - Camel Square roundabout,External road,Al Wathba Camel Square,vertigo,Night - Enough lighting,Wicked (Bad),No Clouds,dry,driver,Driver,Medium,41,Male,80,2,There is no,vertigo,1
898858,2021,Abu Dhabi,February,Thursday,Evening,The first week,Shock,Preoccupation with the road while driving the vehicle in any way,Sheikh Mohammed bin Rashid Al Maktoum Street,Petrol station,Gentott,public road,Night - Enough lighting,Wicked (Bad),fog,dry,driver,Driver,Medium,34,Male,80,4,There is no,Not on or by (20) meters of a,1
898859,2021,Abu Dhabi,October,Friday,Evening,The fifth week,Deterioration,Preoccupation with the road while driving the vehicle in any way,Emirates School Tunnel,Residential area,Industrial Archbishop,bridge,Night - Enough lighting,Wicked (Bad),No Clouds,dry,driver,Bike,Medium,29,Male,80,4,There is no,Not on or by (20) meters of a,1
898861,2021,Ras Al Khaimah,January,Thursday,Evening,fourth week,Shock,Sudden deviation,Emirates Al Saadi Street,Others,The Red Island,public road,Night - Enough lighting,Wicked (Bad),No Clouds,Temple,driver,Driver,Medium,35,Male,120,2,There is no,Not at intersection,1
898862,2021,Abu Dhabi,April,Friday,Evening,The first week,Run,Preoccupation with the road while driving the vehicle in any way,Sheikh Maktoum Bin Rashid Street,Petrol station,There is no definition of regions,Double road,Night - Enough lighting,Wicked (Bad),No Clouds,dry,driver,Driver,Medium,34,Female,140,4,He crosses not on transit lines,Not on or by (20) meters of a,1
898864,2021,Sharjah,July,Wednesday,In the afternoon,fourth week,Run,Preoccupation with the road while driving the vehicle in any way,Kuwait Street,hospital,Sorrow,Intersection,day,Wicked (Bad),No Clouds,dry,pedestrian,There is no passenger,Medium,42,Male,40,3,He crosses pedestrian crossing lines,Vertical cross intersection,1
898865,2021,Umm Al Quwain,June,Thursday,Before noon,the third week,Shock,Preoccupation with the road while driving the vehicle in any way,Sheikh Mohammed bin Zayed Street (Umm Al Qain - Ras Al Khaimah),External road,Navel,public road,Night - Enough lighting,Wicked (Bad),No Clouds,dry,passenger,Rapid in the back seat,Medium,24,Male,120,3,There is no,Not on or by (20) meters of a,1
898868,2021,Abu Dhabi,January,Tuesday,Evening,The first week,Run,Preoccupation with the road while driving the vehicle in any way,An internal street,Residential area,Shuwaib,Double road,Night - without lighting,Wicked (Bad),No Clouds,dry,pedestrian,There is no passenger,Medium,26,Male,60,2,Familiar,Not on or by (20) meters of a,1