Fake ID,Year,City,Month,Day,Time,Week,Type Of Accident,Reasons,Street,Place,Area,Location,Lighting,Road Condition,Weather Condition,Road surface,Lay injured,Injured seat,Degree of injury,Age of the injured,The person's gender,Speed of the road,Number of tracks,Pedestrian behavior,Intersection,Total
899126,2021,Umm Al Quwain,September,Wednesday,Before noon,The first week,Be shocked,Preoccupation with the road while driving the vehicle in any way,International Federation Street,Residential area,Al -Salamah area a,Individual,day,Wicked (Bad),No Clouds,dry,driver,Driver,Medium,35,Female,20,1,There is no,Not on or by (20) meters of a,1
899127,2021,Abu Dhabi,June,Wednesday,At noon,the third week,A fixed body was shocked outside the road,Preoccupation with the road while driving the vehicle in any way,Armored road,Commercial area,Industrial armored bridge,Individual,day,Wicked (Bad),No Clouds,dry,driver,Driver,Medium,44,Male,60,2,There is no,Not on or by (20) meters of a,1
899128,2021,Abu Dhabi,October,Friday,In the afternoon,The fifth week,Run,Preoccupation with the road while driving the vehicle in any way,An internal street,Residential area,magnanimity,Double road,Night - Enough lighting,Wicked (Bad),No Clouds,dry,pedestrian,There is no passenger,Medium,5,Male,40,1,He crosses not on transit lines,Not on or by (20) meters of a,1
899130,2021,Abu Dhabi,June,Wednesday,At noon,fourth week,A fixed body shocked the road,Preoccupation with the road while driving the vehicle in any way,International airport roads,an airport,Emiri airport,Double road,day,Wicked (Bad),No Clouds,Temple,driver,Bike,Medium,28,Male,80,2,There is no,vertigo,1
899136,2021,Abu Dhabi,March,Friday,Evening,the third week,Run,Preoccupation with the road while driving the vehicle in any way,There is no definition,Governmental,Industrial Archbishop,Double road,Night - Enough lighting,Wicked (Bad),No Clouds,dry,pedestrian,There is no passenger,Medium,40,Male,60,2,He crosses not on transit lines,Hole,1
899138,2021,Abu Dhabi,March,Saturday,At noon,second week,Shock,Sudden deviation,There is no definition,Industrial area,Industrial Archbishop,vertigo,day,Wicked (Bad),No Clouds,dry,driver,Driver,Medium,42,Male,40,3,There is no,vertigo,1
899144,2021,Abu Dhabi,August,Sunday,Evening,The fifth week,Deterioration,Preoccupation with the road while driving the vehicle in any way,Khalifa Bin Zayed Street I,Industrial area,There is no definition of regions,Double road,Night - Enough lighting,Wicked (Bad),No Clouds,dry,passenger,A passenger in the front seat,Medium,51,Male,100,3,There is no,Not at intersection,1
899146,2021,Abu Dhabi,January,Friday,At noon,the third week,Shock,Preoccupation with the road while driving the vehicle in any way,Hamdan bin Mohammed Street (Al Ain),Residential area,Fold,public road,day,Wicked (Bad),No Clouds,dry,driver,Driver,Medium,20,Male,80,3,There is no,Not at intersection,1
899150,2021,Abu Dhabi,Dec,Thursday,In the afternoon,the third week,Shock,Preoccupation with the road while driving the vehicle in any way,Al -Mafraq Al -Shawamik Street,Tunnel / Bridge,Al -Shamekha Bridge,Double road,Night - Enough lighting,Wicked (Bad),No Clouds,Temple,passenger,Rapid in the back seat,Medium,4,Female,80,3,There is no,Not on or by (20) meters of a,1
899154,2021,Abu Dhabi,September,Monday,At noon,the third week,Shock,Preoccupation with the road while driving the vehicle in any way,Hawi bridge,Residential area,The city of Shakhbout,Individual,day,Wicked (Bad),No Clouds,dry,driver,Bike,Medium,24,Male,60,2,There is no,Not on or by (20) meters of a,1
899158,2021,Abu Dhabi,November,Sunday,Evening,second week,A fixed body shocked the road,Preoccupation with the road while driving the vehicle in any way,Abu Dhabi Road - Al Ain,External road,Al Wathba (East + West),public road,Night - Enough lighting,Wicked (Bad),No Clouds,dry,passenger,A passenger in the front seat,Medium,20,Male,40,2,There is no,Not on or by (20) meters of a,1
899167,2021,Abu Dhabi,June,Saturday,Evening,the third week,Shock,Preoccupation with the road while driving the vehicle in any way,Sheikh Maktoum Bin Rashid Street,Tunnel / Bridge,Sayeh Al -Sidair,Individual,Night - Enough lighting,Wicked (Bad),No Clouds,dry,driver,Driver,Medium,37,Male,120,4,There is no,Not on or by (20) meters of a,1
899170,2021,Abu Dhabi,November,Thursday,Before noon,the third week,Be shocked,Sudden deviation,There is no definition,Commercial area,Industrial Archbishop,Individual,day,Wicked (Bad),No Clouds,dry,driver,Driver,Medium,55,Male,80,3,There is no,Not on or by (20) meters of a,1
899172,2021,Abu Dhabi,January,Monday,Before noon,second week,Run,Preoccupation with the road while driving the vehicle in any way,Armored road,Commercial area,Industrial Archbishop,Double road,day,Wicked (Bad),No Clouds,dry,pedestrian,There is no passenger,Medium,35,Male,80,2,Familiar,Not on or by (20) meters of a,1
899177,2021,Abu Dhabi,April,Thursday,In the afternoon,The fifth week,Cross -100,Sudden deviation,Al Ain Street - Dubai,External road,Jag,Double road,Night - Enough lighting,Wicked (Bad),No Clouds,dry,passenger,A passenger in the front seat,Medium,24,Male,140,4,There is no,Not at intersection,1
899179,2021,Abu Dhabi,October,Monday,Before noon,second week,A fixed body was shocked outside the road,Preoccupation with the road while driving the vehicle in any way,Truck Road (Abu Dhabi-Al Ain),External road,Al Wathba Camel Square,Individual,day,Wicked (Bad),No Clouds,dry,passenger,A passenger in the front seat,Medium,40,Male,100,1,There is no,Not on or by (20) meters of a,1
899183,2021,Abu Dhabi,February,Monday,At noon,second week,A fixed body shocked the road,Sudden deviation,Sheikh Mohammed bin Rashid Al Maktoum Street,External road,Gentott,Double road,day,Wicked (Bad),No Clouds,Temple,passenger,A passenger in the front seat,Medium,40,Male,140,3,There is no,Not on or by (20) meters of a,1
899185,2021,Sharjah,July,Saturday,In the afternoon,fourth week,Run,Preoccupation with the road while driving the vehicle in any way,King Abdulaziz Street,Mosque,Bushra,Individual,Night - Enough lighting,Wicked (Bad),No Clouds,dry,pedestrian,There is no passenger,Medium,44,Female,40,1,There is no,Not on or by (20) meters of a,1
899188,2021,Sharjah,April,Tuesday,In the afternoon,the third week,Shock,Preoccupation with the road while driving the vehicle in any way,Ali bin Abi Talib Street,School,Comfort,Intersection,day,Wicked (Bad),No Clouds,dry,driver,Driver,Medium,11,Male,60,2,There is no,Vertical cross intersection,1
899192,2021,Abu Dhabi,February,Thursday,At noon,fourth week,Shock,Preoccupation with the road while driving the vehicle in any way,Sheikh Maktoum Bin Rashid Street,External road,Phantom,Double road,day,Wicked (Bad),No Clouds,dry,passenger,A passenger in the front seat,Medium,39,Male,140,5,There is no,Not on or by (20) meters of a,1
899193,2021,Abu Dhabi,July,Saturday,Evening,the third week,Shock,Preoccupation with the road while driving the vehicle in any way,Tarif road,External road,Arian,Individual,Night - Enough lighting,Wicked (Bad),No Clouds,dry,driver,Driver,Medium,43,Male,140,3,There is no,Not on or by (20) meters of a,1
899194,2021,Fujairah,October,Wednesday,At noon,second week,Run,Preoccupation with the road while driving the vehicle in any way,Sheikh Zayed bin Sultan Al Nahyan Street,Others,Bureaux area,Double road,Night - Enough lighting,Wicked (Bad),No Clouds,Temple,pedestrian,There is no passenger,Medium,44,Male,80,2,There is no,Not on or by (20) meters of a,1
899195,2021,Abu Dhabi,June,Thursday,Before noon,fourth week,Run,Preoccupation with the road while driving the vehicle in any way,Armored road,Industrial area,Industrial armored bridge,Individual,day,Wicked (Bad),No Clouds,dry,pedestrian,There is no passenger,Medium,29,Male,40,2,He crosses not on transit lines,Not on or by (20) meters of a,1
899197,2021,Abu Dhabi,Dec,Thursday,Before noon,fourth week,A fixed body shocked the road,Preoccupation with the road while driving the vehicle in any way,Abu Dhabi Road - Al Ain,External road,the seal,public road,day,Wicked (Bad),No Clouds,dry,driver,Driver,Medium,73,Male,40,2,There is no,Hole,1
899199,2021,Abu Dhabi,May,Saturday,At noon,the third week,Consecutive,Preoccupation with the road while driving the vehicle in any way,Armored road,Commercial area,Khalifa popular bridge,vertigo,day,Wicked (Bad),No Clouds,dry,driver,Bike,Medium,38,Male,60,2,There is no,vertigo,1
899203,2021,Ajman,January,Wednesday,At noon,fourth week,A fixed body shocked the road,Sudden deviation,Sheikh Hamid bin Rashid Al Nuaimi Street,Others,Rumor,Double road,day,Wicked (Bad),No Clouds,dry,pedestrian,There is no passenger,Medium,29,Female,50,0,There is no,Not on or by (20) meters of a,1
899205,2021,Abu Dhabi,July,Saturday,Evening,the third week,Shock,Preoccupation with the road while driving the vehicle in any way,Tarif road,External road,Arian,Individual,Night - Enough lighting,Wicked (Bad),No Clouds,dry,passenger,A passenger in the front seat,Medium,37,Female,140,3,There is no,Not on or by (20) meters of a,1
899213,2021,Abu Dhabi,February,Monday,Evening,second week,Shock,Preoccupation with the road while driving the vehicle in any way,Sheikh Maktoum Bin Rashid Street,External road,Sih Al -Shuaib,public road,Night - Enough lighting,Wicked (Bad),No Clouds,dry,driver,Driver,Medium,26,Male,140,4,There is no,Not on or by (20) meters of a,1
899215,2021,Abu Dhabi,Dec,Wednesday,Evening,The fifth week,A fixed body was shocked outside the road,Preoccupation with the road while driving the vehicle in any way,International airport roads,Governmental,Khalifa City (a),Individual,day,Wicked (Bad),No Clouds,dry,passenger,A passenger in the front seat,Medium,31,Male,100,3,There is no,Not on or by (20) meters of a,1
899216,2021,Abu Dhabi,March,Monday,Evening,The first week,A fixed body shocked the road,Preoccupation with the road while driving the vehicle in any way,The tall roundabout,Residential area,The farmer,vertigo,Night - Enough lighting,Wicked (Bad),No Clouds,Temple,driver,Driver,Medium,69,Male,40,2,There is no,vertigo,1
899217,2021,Abu Dhabi,November,Tuesday,Evening,fourth week,Shock,Preoccupation with the road while driving the vehicle in any way,Tarif road,External road,intimate,public road,Night - Enough lighting,Wicked (Bad),No Clouds,dry,driver,Driver,Medium,28,Male,80,1,There is no,Not on or by (20) meters of a,1
899218,2021,Abu Dhabi,September,Sunday,In the afternoon,second week,Run,Preoccupation with the road while driving the vehicle in any way,Al -Mafraq Al -Shawamik Street,Commercial area,Bani Yas (East),parking,Night - Enough lighting,Wicked (Bad),No Clouds,Temple,pedestrian,There is no passenger,Medium,5,Male,40,1,He crosses not on transit lines,Others,1
899219,2021,Abu Dhabi,June,Thursday,Before noon,the third week,Shock,Preoccupation with the road while driving the vehicle in any way,Sweihan Road,External road,Enhanced,Individual,day,Wicked (Bad),No Clouds,dry,driver,Driver,Medium,37,Male,100,3,There is no,Not on or by (20) meters of a,1
899220,2021,Abu Dhabi,January,Tuesday,Before noon,the third week,Shock,Preoccupation with the road while driving the vehicle in any way,Tarif road,External road,Al Dhafra Air Force Base,public road,day,Wicked (Bad),No Clouds,Foundation,passenger,Rapid in the back seat,Medium,28,Male,80,5,There is no,Not on or by (20) meters of a,1
899224,2021,Abu Dhabi,March,Wednesday,At noon,fourth week,Shock,Preoccupation with the road while driving the vehicle in any way,General Street (Abu Dhabi - Commodities),External road,Ruwais,Double road,day,Wicked (Bad),No Clouds,dry,driver,Driver,Medium,23,Male,160,3,There is no,Not on or by (20) meters of a,1
899227,2021,Abu Dhabi,March,Monday,Before noon,The fifth week,Deterioration,Sudden deviation,Sweihan Street - Al Hir,Sandy area,Hayer,public road,day,Wicked (Bad),No Clouds,dry,driver,Driver,Medium,48,Male,120,2,There is no,Not on or by (20) meters of a,1
899229,2021,Abu Dhabi,March,Thursday,At noon,the third week,Be shocked,Sudden deviation,Abu Dhabi Road - Al Ain,Tunnel / Bridge,Perfection,Double road,day,Wicked (Bad),No Clouds,dry,passenger,Rapid in the back seat,Medium,14,Female,160,3,There is no,Not on or by (20) meters of a,1
899234,2021,Umm Al Quwain,November,Monday,Before noon,The first week,Run,Preoccupation with the road while driving the vehicle in any way,King Faisal Street,Industrial area,Industrial zone b,Individual,day,Wicked (Bad),No Clouds,dry,pedestrian,There is no passenger,Medium,57,Male,40,1,There is no,Not on or by (20) meters of a,1
899238,2021,Abu Dhabi,October,Saturday,Evening,the third week,A fixed body shocked the road,Sudden deviation,Al -Mafraq Al -Shawamik Street,Industrial area,Mafraq industrial,Individual,day,Wicked (Bad),No Clouds,Temple,driver,Driver,Medium,26,Male,40,1,There is no,Not at intersection,1
899239,2021,Umm Al Quwain,October,Thursday,Before noon,The first week,Deterioration,Sudden deviation,Sheikh Mohammed bin Zayed Street (Umm Al Qain - Ras Al Khaimah),Tunnel / Bridge,Navel,Double road,day,Wicked (Bad),No Clouds,dry,passenger,Rapid in the back seat,Medium,25,Male,140,3,There is no,Not on or by (20) meters of a,1
899242,2021,Abu Dhabi,February,Monday,Before noon,second week,Shock,Preoccupation with the road while driving the vehicle in any way,Abu Dhabi Road - Al Ain,Tunnel / Bridge,The Military Renaissance City,Double road,day,Wicked (Bad),No Clouds,Temple,driver,Driver,Medium,24,Male,120,3,There is no,Not on or by (20) meters of a,1
899245,2021,Abu Dhabi,April,Sunday,At noon,fourth week,Be shocked,Preoccupation with the road while driving the vehicle in any way,Abu Dhabi Road - Al Ain,Tunnel / Bridge,Bani Yas (East),Double road,day,Wicked (Bad),No Clouds,Temple,driver,Driver,Medium,34,Male,140,4,There is no,Hole,1
899250,2021,Ras Al Khaimah,January,Saturday,Evening,The first week,Cross -100,Preoccupation with the road while driving the vehicle in any way,Sheikh Abdullah bin Mohammed Al Qasimi Street,Residential area,Sahih poems,Individual,Night - without lighting,Wicked (Bad),No Clouds,dry,passenger,Rapid in the back seat,Medium,43,Male,40,1,There is no,Not on or by (20) meters of a,1
899253,2021,Sharjah,February,Thursday,Before noon,fourth week,Shock,Preoccupation with the road while driving the vehicle in any way,Hospital roundabout,hospital,Yarmouk,public road,day,Wicked (Bad),No Clouds,dry,passenger,Rapid in the back seat,Medium,24,Male,80,2,There is no,vertigo,1
899257,2021,Sharjah,February,Tuesday,Before noon,second week,Deterioration,Sudden deviation,Khorfakkan Road,External road,Sharjah / Al Dhaid,Double road,day,Wicked (Bad),fog,dry,passenger,Rapid in the back seat,Medium,50,Male,120,2,There is no,Not on or by (20) meters of a,1
899261,2021,Abu Dhabi,March,Saturday,At noon,The first week,A fixed body was shocked outside the road,Sudden deviation,Sheikh Maktoum Bin Rashid Street,External road,Smih tunnel,Double road,day,Wicked (Bad),No Clouds,dry,passenger,A passenger in the front seat,Medium,36,Female,140,4,There is no,Not on or by (20) meters of a,1
899265,2021,Sharjah,September,Thursday,At noon,second week,Deterioration,Preoccupation with the road while driving the vehicle in any way,Maliha Street,External road,Sword,Double road,day,Wicked (Bad),No Clouds,dry,driver,Driver,Medium,21,Male,120,3,There is no,Not on or by (20) meters of a,1
899266,2021,Abu Dhabi,January,Wednesday,At noon,second week,Deterioration,Preoccupation with the road while driving the vehicle in any way,There is no definition,Island,There is no definition of regions,public road,day,Wicked (Bad),No Clouds,dry,passenger,A passenger in the front seat,Medium,18,Male,80,2,There is no,Not on or by (20) meters of a,1
899269,2021,Abu Dhabi,August,Sunday,At noon,fourth week,Shock,Sudden deviation,Nahel Street - Al Ain,Residential area,All regions,Double road,day,Wicked (Bad),No Clouds,dry,driver,Driver,Medium,51,Male,140,2,There is no,Not at intersection,1
899270,2021,Abu Dhabi,Dec,Friday,At noon,second week,Shock,Preoccupation with the road while driving the vehicle in any way,El-Shikh Zayed street,Tunnel / Bridge,Bridge of happiness,bridge,day,Wicked (Bad),No Clouds,dry,driver,Bike,Medium,21,Male,120,4,There is no,Not at intersection,1
899274,2021,Sharjah,January,Wednesday,At noon,second week,Shock,Preoccupation with the road while driving the vehicle in any way,King Abdulaziz Street,Residential area,Bushra,Individual,day,Wicked (Bad),No Clouds,dry,driver,Bike,Medium,57,Male,40,1,There is no,Not on or by (20) meters of a,1
899275,2021,Abu Dhabi,Dec,Tuesday,At noon,second week,Cross -100,Preoccupation with the road while driving the vehicle in any way,Armored road,Residential area,Mohammed bin Zayed City,Intersection,day,Wicked (Bad),No Clouds,dry,driver,Bike,Medium,21,Male,60,1,There is no,A meeting of half -vertical roads,1
899280,2021,Sharjah,February,Thursday,At noon,The first week,Shock,Preoccupation with the road while driving the vehicle in any way,Emirates Street,External road,The popularity of Zubair,public road,day,Wicked (Bad),No Clouds,dry,driver,Driver,Medium,20,Male,100,3,There is no,Not at intersection,1
899281,2021,Ras Al Khaimah,March,Wednesday,Before noon,The fifth week,Be shocked,Preoccupation with the road while driving the vehicle in any way,Al -Jazzar Street,Commercial area,Palm,Intersection,day,Wicked (Bad),No Clouds,Temple,driver,Driver,Medium,44,Female,60,2,There is no,Hole,1
899290,2021,Abu Dhabi,Dec,Monday,Before noon,The first week,Run,Preoccupation with the road while driving the vehicle in any way,Al -Mafraq Al -Shawamik Street,Tunnel / Bridge,Mafraq Bridge,public road,Night - Enough lighting,Other (select),No Clouds,Temple,pedestrian,There is no passenger,Eloquent,39,Male,120,4,Familiar,Not at intersection,1
899291,2021,Abu Dhabi,May,Monday,At noon,The fifth week,Be shocked,Sudden deviation,Sultan Bin Zayed the First Street (Thirty Two),Tunnel / Bridge,There is no definition of regions,public road,day,Wicked (Bad),No Clouds,dry,driver,Driver,Eloquent,44,Male,80,3,There is no,A meeting of half -vertical roads,1
899296,2021,Abu Dhabi,March,Tuesday,Before noon,the third week,Deterioration,Preoccupation with the road while driving the vehicle in any way,Tarif Street - Bida Zayed,Industrial area,New street,public road,day,Wicked (Bad),No Clouds,dry,driver,Driver,Eloquent,28,Male,140,2,There is no,Not at intersection,1
899298,2021,Ras Al Khaimah,May,Thursday,Before noon,fourth week,Deterioration,Sudden deviation,Asfni Street,Tunnel / Bridge,Wadi describe me,Individual,day,Wicked (Bad),No Clouds,dry,driver,Bike,Eloquent,32,Male,80,1,There is no,Not on or by (20) meters of a,1
899301,2021,Ras Al Khaimah,August,Friday,Evening,The first week,A fixed body shocked the road,Sudden deviation,Ceramic Street from Ceramic Circle to Exit One hundred and nineteen,Others,The Red Island,public road,Night - Enough lighting,Wicked (Bad),No Clouds,Temple,passenger,A passenger in the front seat,Eloquent,17,Male,80,2,There is no,Not at intersection,1
899302,2021,Ras Al Khaimah,Dec,Friday,Evening,The fifth week,Fall,Sudden deviation,Al -Falamiya area,Governmental,Atmosphere,Dhuatatin Road,Night - without lighting,Wicked (Bad),rainy,Foundation,driver,Driver,Eloquent,27,Male,60,1,There is no,Not at intersection,1
899303,2021,Fujairah,May,Thursday,Before noon,second week,A fixed body was shocked outside the road,Sudden deviation,A profitable street -,Residential area,Village,public road,day,Wicked (Bad),No Clouds,Temple,driver,Driver,Eloquent,19,Male,120,3,There is no,Not on or by (20) meters of a,1
899306,2021,Ras Al Khaimah,October,Friday,Before noon,The fifth week,A fixed body shocked the road,Sudden deviation,Al -Munai’i Street,External road,Al -Munai’i,Double road,day,curve,No Clouds,Temple,driver,Bike,Eloquent,36,Male,100,2,There is no,Not at intersection,1
899307,2021,Abu Dhabi,November,Friday,In the afternoon,the third week,Run,Preoccupation with the road while driving the vehicle in any way,Armored road,Commercial area,Industrial armored bridge,Double road,Night - without lighting,Wicked (Bad),No Clouds,dry,pedestrian,There is no passenger,Eloquent,26,Male,60,3,He crosses not on transit lines,Not on or by (20) meters of a,1
899313,2021,Ras Al Khaimah,March,Friday,Before noon,fourth week,Run,Preoccupation with the road while driving the vehicle in any way,Al -Kharan Street,Mosque,Hurry,public road,day,Wicked (Bad),No Clouds,Temple,pedestrian,There is no passenger,Eloquent,30,Male,80,2,He crosses not on transit lines,Not on or by (20) meters of a,1
899315,2021,Sharjah,February,Wednesday,At noon,second week,Cross -100,Sudden deviation,Nahda Street,Residential area,Nomination,Double road,day,Wicked (Bad),No Clouds,dry,pedestrian,There is no passenger,Eloquent,30,Male,60,3,He crosses not on transit lines,A meeting of half -vertical roads,1
899321,2021,Abu Dhabi,February,Thursday,At noon,fourth week,Shock,Preoccupation with the road while driving the vehicle in any way,Sheikh Maktoum Bin Rashid Street,External road,Phantom,Double road,day,Wicked (Bad),No Clouds,dry,driver,Driver,Eloquent,38,Male,140,5,There is no,Not on or by (20) meters of a,1
899324,2021,Abu Dhabi,March,Thursday,In the afternoon,second week,Shock,Preoccupation with the road while driving the vehicle in any way,Al Ain Street - Al -Wajan - Al -Qaa,External road,Junction,Double road,Night - Enough lighting,Wicked (Bad),No Clouds,dry,driver,Bike,death,32,Male,140,2,There is no,Not at intersection,1
899325,2021,Umm Al Quwain,May,Wednesday,At noon,The first week,Shock,Preoccupation with the road while driving the vehicle in any way,Emirates Street,Others,Polite area,Double road,Night - Enough lighting,Wicked (Bad),No Clouds,dry,passenger,A passenger in the front seat,death,38,Male,110,3,There is no,Not on or by (20) meters of a,1
899326,2021,Umm Al Quwain,October,Thursday,Before noon,The first week,Deterioration,Sudden deviation,Sheikh Mohammed bin Zayed Street (Umm Al Qain - Ras Al Khaimah),Tunnel / Bridge,Navel,Double road,day,Wicked (Bad),No Clouds,dry,passenger,Rapid in the back seat,death,49,Male,140,3,There is no,Not on or by (20) meters of a,1
899329,2021,Abu Dhabi,August,Saturday,Evening,the third week,Shock,Preoccupation with the road while driving the vehicle in any way,Liwa Street,Agricultural area,Zayed City,Double road,day,Wicked (Bad),No Clouds,dry,driver,Driver,death,42,Male,140,2,There is no,Not on or by (20) meters of a,1
899333,2021,Ras Al Khaimah,February,Thursday,At noon,fourth week,Deterioration,Sudden deviation,Emirates Street Transit Street,Mountainous area,Stagnation,public road,day,Wicked (Bad),No Clouds,Temple,driver,Driver,death,26,Male,50,3,There is no,Not on or by (20) meters of a,1
899336,2021,Sharjah,March,Saturday,At noon,fourth week,Cross -100,Sudden deviation,Al Dhaid Street Kadra,External road,Al -Dhaid / Marafi,Individual,day,Wicked (Bad),No Clouds,dry,driver,Driver,death,54,Male,60,1,There is no,Not on or by (20) meters of a,1
899337,2021,Abu Dhabi,May,Monday,Evening,second week,Run,Preoccupation with the road while driving the vehicle in any way,Al Tawa roundabout,garden,Fold,Double road,Night - Enough lighting,Wicked (Bad),No Clouds,dry,pedestrian,There is no passenger,death,7,Female,80,3,He crosses not on transit lines,Not on or by (20) meters of a,1
899338,2021,Abu Dhabi,September,Wednesday,In the afternoon,The first week,Deterioration,Preoccupation with the road while driving the vehicle in any way,Civil Street - Sweihan,External road,All regions,Individual,day,Wicked (Bad),No Clouds,dry,driver,Driver,death,44,Male,120,2,There is no,Not on or by (20) meters of a,1
899341,2021,Sharjah,Dec,Sunday,Before noon,The first week,Deterioration,Sudden deviation,Khorfakkan Road,External road,scarf,Double road,day,Wicked (Bad),No Clouds,dry,passenger,A passenger in the front seat,death,25,Male,120,2,There is no,Not at intersection,1
899342,2021,Sharjah,May,Thursday,Before noon,fourth week,Be shocked,Preoccupation with the road while driving the vehicle in any way,Maliha Street,External road,Sword,Out of the way,day,Wicked (Bad),No Clouds,dry,driver,Driver,death,42,Male,120,5,There is no,Not on or by (20) meters of a,1
899343,2021,Abu Dhabi,March,Wednesday,Evening,fourth week,Shock,Preoccupation with the road while driving the vehicle in any way,Sheikh Mohammed bin Rashid Al Maktoum Street,Petrol station,-,public road,Night - Enough lighting,crowded,No Clouds,dry,driver,Driver,death,24,Male,140,4,There is no,Not on or by (20) meters of a,1
899345,2021,Abu Dhabi,Dec,Thursday,In the afternoon,the third week,Shock,Preoccupation with the road while driving the vehicle in any way,Al -Mafraq Al -Shawamik Street,Tunnel / Bridge,Al -Shamekha Bridge,Double road,Night - Enough lighting,Wicked (Bad),No Clouds,Temple,passenger,Rapid in the back seat,death,2,Male,80,3,There is no,Not on or by (20) meters of a,1
899346,2021,Ras Al Khaimah,February,Thursday,At noon,fourth week,Deterioration,Sudden deviation,Emirates Street Transit Street,Mountainous area,Stagnation,public road,day,Wicked (Bad),No Clouds,Temple,passenger,A passenger in the front seat,death,18,Male,50,3,There is no,Not on or by (20) meters of a,1
899347,2021,Ras Al Khaimah,April,Sunday,Before noon,the third week,A fixed body was shocked outside the road,Preoccupation with the road while driving the vehicle in any way,Khuzam Street,Commercial area,Lap,public road,day,Wicked (Bad),No Clouds,Temple,driver,Driver,death,60,Male,80,3,There is no,Not on or by (20) meters of a,1
899350,2021,Sharjah,Dec,Friday,Before noon,The fifth week,Be shocked,Sudden deviation,Sheikh Mohammed bin Zayed Street,External road,Hamriyah,Double road,day,Wicked (Bad),No Clouds,dry,driver,Driver,death,49,Male,120,3,There is no,Not on or by (20) meters of a,1
899351,2021,Abu Dhabi,August,Monday,In the afternoon,fourth week,Run,Preoccupation with the road while driving the vehicle in any way,There is no definition,Industrial area,Industrial Archbishop,Dhuatatin Road,Night - Enough lighting,Wicked (Bad),No Clouds,Temple,pedestrian,There is no passenger,death,64,Male,60,3,He crosses not on transit lines,Not on or by (20) meters of a,1
899352,2021,Abu Dhabi,January,Friday,At noon,second week,Shock,Preoccupation with the road while driving the vehicle in any way,General Street (Abu Dhabi - Commodities),External road,Jomniyat,Double road,day,Wicked (Bad),No Clouds,dry,driver,Driver,death,20,Male,160,4,There is no,Not on or by (20) meters of a,1
899355,2021,Fujairah,October,Wednesday,At noon,The first week,Deterioration,Sudden deviation,The new Sakmam roundabout,Commercial area,Sakmkm area,vertigo,day,Wicked (Bad),No Clouds,Temple,driver,Driver,death,33,Male,60,2,There is no,vertigo,1
899357,2021,Ras Al Khaimah,March,Sunday,In the afternoon,the third week,Deterioration,Sudden deviation,Emirates Street Transit Street,Sandy area,Stagnation,public road,day,Barrier,dusty,Other (select),passenger,Rapid in the back seat,death,31,Female,120,3,There is no,Not at intersection,1
899359,2021,Abu Dhabi,January,Tuesday,In the afternoon,the third week,Consecutive,Preoccupation with the road while driving the vehicle in any way,Hamdan bin Mohammed Street (Al Ain),Residential area,Ventricle,Double road,Night - Enough lighting,Wicked (Bad),No Clouds,dry,passenger,A passenger in the front seat,death,1,Female,100,3,There is no,Not at intersection,1